Replicate,UC1_AssignedTextUC,UC2_AssignedTextUC,UC3_AssignedTextUC,UC4_AssignedTextUC,UC5_AssignedTextUC,UC6_AssignedTextUC,UC7_AssignedTextUC,UC8_AssignedTextUC,UC9_AssignedTextUC,UC10_AssignedTextUC,UC11_AssignedTextUC,UC12_AssignedTextUC,UC13_AssignedTextUC,UC14_AssignedTextUC,UC15_AssignedTextUC,UC16_AssignedTextUC,UC17_AssignedTextUC,UC18_AssignedTextUC,UC19_AssignedTextUC,UC20_AssignedTextUC,UC21_AssignedTextUC
1,9,17,3,19,1,12,2,5,20,14,6,18,13,16,21,10,7,8,15,4,11
2,21,3,9,5,2,1,18,13,16,17,19,11,8,10,12,7,14,6,20,4,15
3,16,7,3,13,21,17,18,4,2,10,19,20,12,9,5,15,8,11,1,14,6
4,17,16,4,15,14,11,10,18,7,21,8,6,9,5,19,3,12,1,2,20,13
5,19,3,6,17,11,12,13,10,8,15,2,21,9,18,16,5,14,4,1,7,20
6,9,1,3,15,4,8,18,2,7,13,17,21,10,14,12,20,19,5,6,11,16
7,17,8,18,12,6,21,10,2,9,4,3,5,20,19,7,14,16,15,13,1,11
8,13,18,5,9,3,11,1,15,14,20,10,4,19,16,2,8,6,17,7,21,12
9,3,18,14,7,13,5,9,2,11,20,12,4,19,15,6,8,16,21,17,10,1
10,9,1,15,3,17,8,11,20,2,19,16,12,7,13,18,10,4,5,21,6,14
11,16,19,8,20,9,2,12,15,5,1,18,21,7,11,10,6,14,13,4,17,3
12,4,11,6,7,19,16,17,15,18,3,12,14,20,8,13,2,21,5,9,10,1
13,9,14,21,5,16,15,11,12,4,3,1,8,7,17,19,10,2,18,13,6,20
14,20,18,19,8,2,17,6,21,11,16,7,5,14,3,9,13,4,12,15,1,10
15,7,8,1,5,6,13,20,11,14,17,2,16,10,4,21,3,15,18,9,19,12
16,3,12,10,18,7,16,17,11,4,9,8,15,20,5,19,2,13,14,6,21,1
17,15,1,2,6,8,5,12,21,13,9,18,17,14,16,20,7,4,10,11,3,19
18,17,7,20,5,16,1,13,18,21,11,8,6,2,10,14,3,19,15,9,12,4
19,21,8,17,5,10,14,9,15,19,13,7,11,1,18,3,2,16,6,12,20,4
20,13,16,4,2,15,6,14,10,21,19,11,9,1,12,3,20,5,18,8,17,7
21,8,4,18,3,15,12,7,9,17,16,5,10,2,11,20,1,19,21,13,14,6
22,12,17,8,5,18,20,21,11,14,7,10,13,6,9,16,2,3,19,15,1,4
23,13,21,9,15,2,5,4,19,18,8,20,12,3,11,17,16,7,1,14,6,10
24,18,16,5,1,17,2,4,7,10,8,15,21,19,3,11,14,20,12,9,13,6
25,14,6,2,15,21,19,20,11,4,3,13,12,10,16,9,8,18,5,17,1,7
26,21,16,1,8,18,10,15,17,13,20,4,9,5,6,7,3,11,19,14,2,12
27,13,20,15,19,10,7,9,17,21,2,6,16,8,5,18,12,1,14,3,4,11
28,7,8,6,20,19,13,2,21,14,16,4,17,1,15,18,5,12,11,3,10,9
29,15,3,18,17,12,11,7,9,6,1,20,13,5,8,4,21,2,16,10,14,19
30,3,14,18,6,7,17,20,19,16,11,15,2,21,8,4,5,10,9,12,1,13
31,21,12,6,9,11,19,20,15,17,8,1,3,14,10,2,16,18,7,5,4,13
32,18,1,4,3,2,19,10,6,8,20,14,7,5,9,11,21,13,16,12,17,15
33,4,12,17,5,15,13,16,21,7,2,20,18,3,8,9,1,14,6,19,11,10
34,20,13,11,5,19,18,14,16,4,12,17,10,15,3,2,6,9,21,7,1,8
35,13,15,12,18,2,4,6,16,19,17,21,7,10,8,5,3,20,9,11,1,14
36,4,14,19,21,11,18,13,16,1,2,20,3,8,6,12,9,17,5,15,7,10
37,8,14,16,17,20,11,1,21,12,10,2,13,18,9,7,3,5,4,15,6,19
38,1,20,2,9,15,13,6,3,18,19,17,16,4,12,14,7,10,21,8,11,5
39,17,19,3,18,5,9,11,16,13,14,10,15,6,2,12,20,4,8,21,1,7
40,7,12,14,18,10,19,1,15,6,21,5,11,20,13,2,9,4,16,3,8,17
41,17,1,9,15,3,5,7,20,2,18,21,11,12,6,13,14,10,4,19,8,16
42,6,8,16,3,19,15,7,5,13,2,4,9,14,21,11,20,10,18,1,12,17
43,8,3,2,11,14,5,1,21,16,20,18,9,10,7,15,4,19,17,13,12,6
44,8,16,6,18,21,20,15,14,2,1,10,13,11,9,12,4,7,17,5,3,19
45,4,6,15,16,7,8,14,13,11,1,2,9,10,5,21,20,19,3,12,18,17
46,17,5,7,10,1,3,13,21,18,19,16,15,12,4,14,6,20,2,11,9,8
47,8,11,10,7,9,6,19,17,12,13,21,16,18,4,3,15,2,5,20,1,14
48,8,21,7,15,6,13,11,2,14,18,3,4,12,16,17,10,1,20,9,5,19
49,21,10,8,11,17,6,7,14,2,19,9,5,3,1,18,20,12,13,16,15,4
50,4,17,15,18,8,12,2,10,5,19,7,21,13,14,3,16,9,1,20,6,11
51,20,15,5,11,6,17,10,3,19,18,2,9,14,16,1,13,7,12,8,21,4
52,19,21,20,10,9,6,8,18,12,17,15,7,14,3,13,16,1,11,4,5,2
53,13,11,12,15,1,14,7,8,19,2,10,3,6,17,4,18,16,5,21,9,20
54,9,17,12,8,14,15,18,7,1,5,2,19,13,4,11,3,10,6,20,16,21
55,13,6,11,18,1,14,7,15,8,10,4,9,17,12,20,3,21,16,5,2,19
56,14,4,6,20,17,16,8,5,18,15,2,13,9,11,21,3,12,19,10,1,7
57,11,17,1,9,19,10,14,12,7,8,3,13,6,15,2,16,5,21,20,18,4
58,15,17,20,18,10,12,7,3,14,4,19,16,9,6,1,8,13,21,5,11,2
59,4,19,8,20,18,7,10,12,21,13,14,5,6,1,3,16,2,9,11,15,17
60,20,15,2,14,7,1,4,12,10,19,21,6,13,16,5,3,11,9,8,17,18
61,3,1,13,11,9,7,5,18,15,17,2,8,21,19,16,12,20,6,4,10,14
62,18,3,11,14,13,8,10,9,2,15,20,4,7,21,5,16,1,12,6,19,17
63,17,13,7,8,11,19,2,5,16,6,9,1,4,12,18,14,15,21,3,10,20
64,11,6,3,4,7,16,12,5,1,15,18,2,9,21,10,13,8,19,17,20,14
65,16,17,15,2,20,7,9,3,6,12,13,4,14,21,1,18,10,8,11,19,5
66,11,9,16,18,1,15,21,8,17,10,13,2,14,3,20,12,19,4,6,5,7
67,17,16,4,13,10,20,19,9,18,1,11,3,21,2,8,14,15,6,5,12,7
68,10,13,9,12,14,20,15,2,19,1,8,3,4,18,16,7,17,11,5,21,6
69,4,5,6,8,3,17,14,21,18,1,7,15,19,2,16,10,11,12,13,9,20
70,14,9,17,5,18,2,8,6,7,15,1,12,21,4,20,16,10,3,19,13,11
71,5,9,8,1,6,14,7,17,21,3,11,16,2,12,18,15,20,10,19,13,4
72,16,14,6,19,8,21,2,12,17,5,15,20,10,13,1,7,4,9,3,11,18
73,11,19,7,9,5,3,20,12,2,16,15,17,8,6,21,13,18,14,1,10,4
74,4,14,1,10,12,13,20,9,19,18,2,7,11,17,16,6,3,5,8,15,21
75,11,3,10,19,8,14,7,12,17,20,6,16,18,13,1,21,15,9,5,4,2
76,15,20,7,6,12,14,19,8,13,2,21,16,1,18,11,10,4,9,17,3,5
77,3,10,21,20,19,6,13,17,11,1,15,7,9,12,8,18,14,2,16,5,4
78,8,2,13,15,21,16,12,5,1,4,20,14,7,19,9,11,10,17,18,6,3
79,12,11,19,1,3,2,10,5,15,17,21,8,9,13,16,4,14,7,6,18,20
80,15,13,14,11,12,8,9,10,18,20,17,4,6,2,7,3,16,5,1,19,21
81,3,14,21,17,8,18,12,20,6,5,9,15,4,1,13,19,7,11,2,16,10
82,3,5,9,13,2,16,20,18,19,14,11,17,4,8,6,12,10,15,1,21,7
83,10,17,6,20,21,3,2,14,15,13,1,8,11,5,16,7,9,4,18,12,19
84,16,9,8,18,20,15,6,4,12,13,11,1,21,7,5,3,17,10,2,14,19
85,9,13,18,11,14,6,4,7,2,17,5,10,21,20,3,15,12,1,8,16,19
86,19,9,8,14,15,2,5,6,20,13,12,21,11,10,16,3,1,7,18,17,4
87,19,8,17,10,6,3,11,15,7,18,21,20,14,2,13,1,9,5,4,12,16
88,12,1,18,11,2,20,7,4,17,10,13,15,3,6,9,19,5,21,16,14,8
89,14,5,16,4,15,12,9,17,20,2,1,3,19,18,8,10,7,21,11,6,13
90,14,6,19,5,8,4,12,20,17,11,21,7,2,9,13,15,10,16,1,18,3
91,9,14,21,13,18,11,2,6,20,10,5,16,19,4,3,8,7,1,12,17,15
92,10,2,19,20,3,7,1,6,17,13,8,16,4,15,18,12,5,21,14,11,9
93,2,11,9,4,14,10,17,15,6,1,20,8,21,18,5,12,16,19,3,13,7
94,3,5,7,13,14,2,6,4,18,8,9,19,15,12,1,20,10,21,16,11,17
95,19,11,5,15,7,10,1,12,20,18,13,9,21,4,8,14,17,2,16,6,3
96,8,17,21,5,19,2,16,20,12,11,1,4,3,15,10,13,6,18,7,9,14
97,16,7,9,15,17,1,5,18,19,4,8,20,6,14,21,12,11,2,13,3,10
98,6,2,16,10,13,1,15,5,14,19,12,7,18,11,17,9,8,21,3,20,4
99,15,11,9,8,3,1,18,21,12,2,13,16,10,17,7,19,6,14,4,5,20
100,8,15,9,1,13,10,21,6,18,3,17,16,11,12,7,20,14,19,2,5,4
101,9,18,7,8,11,12,5,15,20,4,19,3,10,17,16,14,6,21,13,1,2
102,7,5,11,15,10,4,8,6,14,17,1,12,20,19,13,3,16,2,21,18,9
103,15,8,3,21,16,18,10,12,20,5,14,1,13,11,4,7,17,19,2,6,9
104,11,15,1,14,16,5,21,20,10,17,8,7,12,6,19,9,4,18,13,3,2
105,19,1,8,3,18,10,11,21,2,6,4,7,12,9,5,14,16,20,17,13,15
106,13,14,11,16,9,18,6,19,21,3,1,17,7,5,10,12,8,20,2,15,4
107,16,7,8,3,13,17,21,5,10,6,20,11,9,19,1,4,15,2,18,14,12
108,21,19,6,1,11,17,2,8,13,5,3,9,7,12,4,20,16,14,10,15,18
109,6,3,13,15,4,17,11,16,2,19,18,10,7,8,9,12,5,1,20,21,14
110,6,19,9,18,2,20,11,10,14,16,15,12,17,3,4,1,8,13,21,5,7
111,12,21,5,2,14,20,13,10,16,18,8,7,19,9,6,15,4,17,3,11,1
112,20,7,11,14,5,15,3,17,19,13,12,18,2,8,16,6,21,4,10,1,9
113,12,7,10,13,11,5,2,19,4,6,17,8,1,14,16,9,18,15,20,3,21
114,18,5,14,2,11,12,16,10,6,21,13,19,7,1,15,9,20,4,8,3,17
115,20,10,3,19,21,2,18,6,14,12,13,9,11,17,4,15,1,8,5,7,16
116,21,20,13,18,15,16,9,5,11,4,8,3,14,12,10,17,1,2,7,19,6
117,9,17,6,12,20,4,21,11,16,19,18,5,15,1,8,7,10,3,2,14,13
118,12,6,15,7,18,20,5,8,2,13,3,16,4,9,14,21,1,10,19,17,11
119,4,5,13,12,10,14,2,15,8,17,21,6,9,1,11,19,3,7,16,18,20
120,17,12,6,19,14,15,13,4,5,3,7,1,16,2,18,9,11,21,10,8,20
121,16,20,5,15,12,17,9,18,11,14,13,7,8,21,2,19,3,1,6,10,4
122,14,6,15,17,12,2,9,5,3,13,16,4,8,18,11,20,21,19,1,7,10
123,2,17,11,16,13,12,10,19,14,21,9,18,6,5,8,3,20,4,7,1,15
124,1,5,2,12,8,4,20,14,16,18,19,17,9,15,10,11,6,3,13,21,7
125,15,12,9,17,11,2,14,5,18,1,3,20,21,4,10,8,13,19,6,16,7
126,17,1,9,12,5,21,13,14,4,16,8,10,19,2,7,11,6,3,18,15,20
127,19,16,14,5,10,3,2,8,21,15,9,4,7,13,17,6,12,20,1,11,18
128,21,3,8,20,13,2,7,16,19,18,4,6,12,1,5,11,17,15,14,9,10
129,5,18,7,1,9,16,19,11,8,2,21,15,12,13,14,6,4,20,17,3,10
130,20,11,19,3,21,5,1,10,4,14,8,16,2,13,17,18,7,15,12,9,6
131,12,2,5,15,17,18,6,20,21,19,14,3,9,13,1,7,11,10,16,4,8
132,20,3,16,12,2,4,11,19,18,13,10,8,7,5,14,15,1,6,9,21,17
133,21,17,20,8,13,12,19,5,2,6,11,16,9,18,3,10,1,4,7,14,15
134,3,12,16,6,9,15,4,2,7,13,1,21,17,14,8,10,11,20,18,19,5
135,9,12,17,7,14,2,19,8,5,21,13,1,4,16,15,11,6,10,3,20,18
136,5,6,3,7,19,1,2,9,15,4,18,20,14,8,11,21,13,12,16,10,17
137,12,21,18,2,19,4,10,3,13,8,9,7,5,11,16,6,20,14,1,17,15
138,12,2,6,4,7,15,1,3,21,9,17,20,10,5,14,8,11,13,19,16,18
139,18,1,20,16,13,17,8,15,10,5,2,12,3,19,11,21,14,4,9,6,7
140,6,8,12,3,14,4,2,13,5,10,21,19,11,20,17,7,1,18,15,9,16
141,20,11,3,10,16,1,4,6,7,21,9,14,8,17,18,2,15,12,19,13,5
142,10,4,7,21,19,9,18,14,15,17,11,8,5,12,20,13,3,16,2,6,1
143,2,6,1,10,12,8,7,13,5,11,3,15,4,18,21,9,17,14,19,16,20
144,3,20,19,18,4,16,6,2,13,21,12,10,14,15,11,17,9,5,1,7,8
145,14,6,10,19,11,8,17,13,12,21,3,15,18,1,7,16,4,20,2,9,5
146,12,14,20,13,7,10,17,16,1,11,9,4,3,8,19,18,21,6,15,2,5
147,5,1,19,14,18,20,6,21,15,10,16,8,2,12,11,17,7,9,13,3,4
148,6,14,8,17,21,20,1,7,9,4,5,15,12,18,11,3,19,13,16,2,10
149,2,16,4,5,21,20,19,14,8,7,10,6,9,1,13,11,3,17,15,12,18
150,17,16,3,11,19,13,9,7,14,20,21,4,18,6,2,8,12,5,1,10,15
151,14,5,10,21,18,12,9,8,16,2,3,19,1,4,13,6,15,17,11,20,7
152,15,6,4,8,16,2,13,21,7,1,9,5,10,12,19,11,18,20,14,17,3
153,5,15,16,9,11,13,19,10,1,12,8,21,14,4,20,7,2,17,3,6,18
154,10,21,8,17,13,1,9,14,3,5,4,20,16,11,18,2,12,7,19,15,6
155,3,18,2,19,10,7,20,17,15,13,21,8,6,16,1,5,9,11,12,14,4
156,1,12,20,17,16,11,14,6,7,15,2,9,18,8,21,4,19,3,5,13,10
157,4,2,9,15,14,20,3,17,18,6,13,11,12,10,8,5,16,21,19,1,7
158,4,2,5,17,20,11,12,14,9,6,10,15,18,7,16,8,3,19,21,13,1
159,13,11,14,20,18,7,15,1,12,16,3,10,9,6,21,8,5,19,17,2,4
160,12,16,10,14,2,20,4,1,13,3,19,21,7,5,17,18,8,9,15,11,6
161,6,12,20,14,3,18,2,13,4,17,9,21,11,1,16,5,10,15,7,19,8
162,7,2,19,1,4,18,20,21,10,13,15,5,12,3,9,6,16,11,8,17,14
163,7,11,14,6,19,5,8,15,20,18,16,21,17,1,4,12,2,9,10,3,13
164,11,18,12,17,16,2,7,9,20,8,15,13,10,5,4,21,3,14,19,6,1
165,8,9,3,16,13,11,1,19,2,18,20,10,4,15,7,12,17,14,6,21,5
166,8,1,2,17,7,16,14,19,9,5,12,4,13,11,10,3,15,20,21,18,6
167,4,12,7,21,15,17,10,5,19,1,20,8,2,3,6,16,13,18,9,14,11
168,7,14,13,10,8,20,2,15,6,3,19,17,5,9,18,4,12,1,11,21,16
169,7,5,21,2,10,16,15,17,13,19,18,9,12,8,11,1,3,20,4,6,14
170,5,15,6,2,17,14,10,11,13,7,16,18,19,21,9,12,20,8,3,1,4
171,14,10,1,16,17,18,5,12,21,13,3,19,4,9,7,6,15,11,8,2,20
172,1,7,20,19,3,11,17,2,10,12,21,15,14,6,18,9,13,5,16,4,8
173,21,15,9,2,12,19,10,11,5,1,18,3,8,7,20,4,16,13,14,17,6
174,15,9,3,8,6,21,10,19,7,12,20,5,13,16,4,18,2,11,17,14,1
175,9,21,20,4,7,14,15,8,10,17,1,18,13,2,6,5,19,11,3,16,12
176,16,12,1,20,5,11,6,19,15,18,3,17,14,7,9,4,21,2,13,8,10
177,12,5,20,19,9,15,1,13,4,6,11,2,18,14,17,10,7,16,3,21,8
178,2,12,17,16,3,10,19,15,21,14,7,4,8,18,9,1,20,13,11,6,5
179,7,21,8,10,12,16,15,3,11,1,5,14,6,17,4,13,20,18,9,2,19
180,3,19,11,10,6,5,8,21,18,14,4,15,17,13,7,12,16,1,9,20,2
181,17,7,18,10,2,4,12,1,8,21,9,20,13,11,5,6,19,3,16,14,15
182,13,9,6,17,2,7,3,12,16,4,19,21,14,18,5,11,20,15,8,1,10
183,16,3,7,15,6,10,9,19,11,5,8,12,17,14,2,1,18,4,13,21,20
184,3,7,19,9,13,4,16,20,8,12,21,17,6,15,1,2,11,10,5,18,14
185,7,2,16,12,11,20,3,13,5,8,14,6,18,9,1,10,4,21,17,19,15
186,12,13,5,9,4,14,11,16,7,6,8,10,19,21,17,20,18,1,3,15,2
187,5,2,9,6,19,3,1,16,7,21,11,15,8,17,13,14,4,12,18,20,10
188,14,19,18,4,6,5,9,21,8,13,2,20,16,7,12,1,3,17,15,11,10
189,4,10,13,14,1,7,19,16,18,21,6,2,3,11,15,20,12,17,8,9,5
190,3,9,7,6,18,21,20,5,12,8,16,17,11,19,1,14,4,13,15,2,10
191,2,21,15,5,10,8,20,17,12,18,9,3,1,13,16,4,11,6,14,19,7
192,3,12,11,21,10,19,8,4,13,9,16,5,17,20,1,7,2,15,14,6,18
193,19,16,6,17,15,5,1,13,4,10,20,9,3,14,2,12,21,8,18,7,11
194,7,12,11,15,19,20,5,1,21,17,3,16,9,2,4,8,18,6,10,13,14
195,15,17,19,18,14,16,13,9,10,3,1,21,5,4,6,2,8,20,12,7,11
196,15,3,11,19,21,18,16,5,6,10,2,1,9,4,20,17,13,12,7,14,8
197,9,8,2,1,4,14,21,17,19,3,15,16,12,18,10,7,5,13,6,11,20
198,7,4,13,18,2,20,11,9,3,1,17,21,16,19,5,14,10,12,6,15,8
199,3,15,2,13,17,9,11,4,7,16,21,5,19,6,8,20,1,10,12,14,18
200,19,13,14,16,3,10,5,4,20,17,12,1,11,2,18,21,6,8,7,9,15
201,13,14,7,17,9,6,5,19,3,16,10,12,8,20,4,15,2,11,1,21,18
202,12,1,8,18,2,9,16,5,20,13,21,19,10,14,6,11,17,7,4,3,15
203,8,13,17,16,7,4,21,9,12,19,5,3,2,10,6,1,11,15,18,14,20
204,12,5,18,8,6,13,11,15,14,4,9,10,16,19,20,17,1,2,21,3,7
205,13,19,21,20,12,9,18,1,8,4,7,10,6,11,3,14,17,5,16,2,15
206,1,15,2,12,17,18,11,14,8,6,5,3,9,7,10,20,19,21,13,16,4
207,17,13,7,3,14,12,20,16,15,5,6,8,9,1,18,11,21,2,4,19,10
208,13,1,15,8,20,17,16,3,6,9,18,5,2,10,7,21,14,4,11,12,19
209,14,1,11,12,8,20,13,2,3,7,19,10,17,5,15,9,16,4,6,18,21
210,12,20,3,11,17,8,16,2,1,4,15,21,5,13,19,9,7,18,6,10,14
211,5,14,6,16,18,10,4,19,3,21,12,9,8,13,11,7,2,1,17,15,20
212,19,12,11,10,7,13,3,20,17,1,21,18,14,2,4,9,8,5,16,15,6
213,2,7,4,9,1,11,5,18,14,15,10,21,16,17,8,12,3,13,19,6,20
214,1,21,8,18,9,15,4,13,17,20,6,7,3,16,10,19,14,5,2,12,11
215,15,10,13,9,11,1,12,4,6,17,5,18,8,21,7,16,2,19,20,3,14
216,5,8,2,3,14,6,11,13,1,7,20,9,21,12,15,4,19,10,16,18,17
217,8,19,10,3,1,11,2,13,21,17,7,9,18,16,20,12,6,14,15,4,5
218,16,8,4,2,3,18,5,20,11,7,14,9,17,1,15,19,13,21,10,6,12
219,3,7,21,14,19,8,1,6,13,11,10,2,4,20,9,5,17,12,16,15,18
220,9,18,16,6,10,11,17,14,15,21,3,5,20,12,8,19,1,4,7,2,13
221,3,11,4,9,20,18,19,12,14,21,15,2,13,16,1,17,10,7,5,8,6
222,13,9,17,12,4,11,20,18,19,21,6,16,15,10,14,8,7,2,1,5,3
223,6,5,4,17,18,14,12,21,3,20,9,8,13,1,2,7,10,15,11,16,19
224,20,3,14,2,1,12,21,11,8,18,6,7,13,10,19,17,9,15,5,16,4
225,7,10,4,2,20,15,21,5,6,12,1,17,18,19,16,14,9,11,8,13,3
226,10,6,15,17,7,8,13,9,5,12,19,3,21,11,20,1,4,18,2,16,14
227,19,15,7,12,6,18,9,20,14,5,4,8,10,13,11,16,2,21,1,17,3
228,16,3,5,18,9,17,15,20,8,7,14,11,13,4,6,12,2,1,10,19,21
229,10,4,3,12,7,18,19,13,9,20,15,5,2,14,6,17,16,21,8,1,11
230,19,18,20,17,7,14,21,1,12,2,6,11,16,10,5,8,4,13,9,3,15
231,7,1,6,11,20,12,8,13,15,9,2,5,18,10,16,21,4,17,14,3,19
232,4,18,5,2,8,16,15,9,11,20,12,14,19,21,6,1,7,3,10,13,17
233,1,12,21,16,11,20,18,13,17,19,4,8,10,7,9,15,6,2,14,5,3
234,20,16,9,3,19,4,6,11,10,1,2,7,21,5,8,12,15,14,13,18,17
235,2,3,9,19,14,1,7,11,12,5,18,10,4,13,17,15,8,21,20,16,6
236,6,15,2,12,19,8,4,9,11,16,10,7,1,20,21,5,13,18,3,14,17
237,16,19,21,2,20,18,6,14,11,17,10,12,3,7,8,1,15,13,4,5,9
238,4,14,11,16,9,6,21,5,8,7,15,18,17,19,13,3,2,1,20,10,12
239,12,8,4,13,5,14,9,6,15,16,17,3,2,10,19,11,20,1,18,21,7
240,14,3,10,9,4,13,2,16,20,8,1,7,21,18,15,19,5,17,11,12,6
241,8,2,13,1,7,11,9,14,16,21,4,5,15,3,12,18,6,10,20,19,17
242,10,7,8,15,11,14,4,3,6,16,19,9,20,2,21,12,5,18,17,13,1
243,3,13,5,21,18,14,15,9,8,20,1,17,11,10,12,16,6,19,2,7,4
244,2,6,18,9,13,21,15,3,11,20,17,16,10,5,4,14,12,19,7,8,1
245,18,21,1,5,15,19,7,13,12,11,20,8,14,10,17,2,6,16,9,3,4
246,11,3,8,5,6,1,2,17,19,13,9,21,15,12,4,10,18,14,16,7,20
247,18,10,11,6,12,8,19,14,15,7,9,4,5,13,20,16,3,1,17,21,2
248,12,11,15,18,8,7,17,10,5,21,16,19,9,1,6,20,2,14,13,3,4
249,17,6,18,9,14,5,11,12,2,1,13,20,21,10,15,8,19,3,7,4,16
250,15,14,6,9,21,3,5,17,11,13,18,8,19,16,4,1,20,10,12,7,2
251,14,11,8,9,7,16,21,12,6,19,1,17,18,10,15,2,4,5,13,20,3
252,4,3,16,13,5,21,15,9,2,17,6,7,20,12,18,11,10,14,8,19,1
253,9,20,1,21,7,10,15,4,18,5,8,6,13,19,17,11,12,3,2,14,16
254,5,7,10,3,12,18,11,1,19,8,15,20,14,17,4,9,13,21,6,2,16
255,12,18,19,5,21,13,6,17,14,9,11,16,20,3,7,8,1,10,4,15,2
256,4,9,2,15,7,11,21,10,20,14,16,1,6,8,3,12,17,18,13,5,19
257,2,3,18,1,4,6,7,16,15,20,13,19,10,12,8,11,14,21,9,5,17
258,20,7,15,10,12,8,21,9,16,19,11,1,14,4,2,17,13,3,5,6,18
259,20,8,6,14,5,18,12,21,4,11,15,1,9,16,13,2,7,19,17,3,10
260,15,21,18,7,1,19,17,13,5,11,9,2,3,8,20,14,6,10,4,12,16
261,19,2,11,3,6,12,15,5,16,21,9,17,8,7,13,4,20,18,14,1,10
262,10,19,1,13,14,11,18,8,7,3,16,20,15,4,9,5,21,12,6,17,2
263,13,3,18,14,19,5,21,8,6,20,12,16,7,4,9,15,17,2,11,10,1
264,11,8,9,10,19,6,7,12,18,5,20,14,3,2,1,15,17,4,13,16,21
265,21,11,4,5,1,13,15,10,18,12,17,14,8,16,2,6,7,3,19,20,9
266,2,19,3,14,9,4,16,20,11,13,1,10,15,7,12,6,17,5,21,8,18
267,17,16,20,3,14,7,11,12,18,2,6,1,5,10,8,4,19,21,9,15,13
268,9,8,7,19,6,10,14,12,16,11,17,20,4,21,5,18,1,3,15,13,2
269,19,16,6,9,4,14,10,21,13,20,2,12,18,3,15,17,7,5,1,11,8
270,11,14,12,8,5,4,10,6,3,15,2,19,18,17,16,21,7,9,20,1,13
271,4,15,19,11,5,1,20,9,21,17,16,6,10,3,18,8,7,13,14,2,12
272,3,1,5,6,13,17,18,9,15,19,21,20,11,10,12,14,2,8,16,7,4
273,17,6,11,1,7,10,12,20,8,13,4,5,19,16,3,9,21,15,18,2,14
274,3,20,16,21,1,2,4,8,10,6,15,14,7,18,19,5,12,13,9,11,17
275,5,21,6,18,1,12,9,19,7,4,3,17,10,2,13,15,8,14,11,16,20
276,18,4,3,12,7,10,9,17,21,8,5,15,11,2,6,16,20,13,14,19,1
277,19,21,5,2,8,6,11,9,14,17,20,7,18,3,15,12,16,10,1,13,4
278,9,20,7,21,3,18,15,10,6,13,4,1,8,16,2,19,12,5,17,14,11
279,3,6,5,13,7,1,20,21,14,18,11,9,2,12,19,8,10,17,4,15,16
280,3,5,14,16,13,21,4,2,10,8,19,15,18,6,1,17,20,11,9,7,12
281,3,11,21,9,10,7,17,5,16,19,20,4,13,2,6,8,1,12,15,14,18
282,14,5,20,8,7,15,11,12,17,16,13,10,18,19,2,4,9,1,21,3,6
283,13,1,16,4,10,3,8,11,20,18,19,17,9,15,2,21,14,6,12,7,5
284,14,11,9,2,17,7,15,6,1,21,16,13,10,20,3,5,18,19,12,8,4
285,5,19,11,14,3,16,15,12,6,10,4,17,20,13,2,7,8,1,18,21,9
286,18,15,10,14,6,11,8,17,3,9,19,16,13,1,2,5,21,4,20,7,12
287,10,11,2,21,20,19,14,13,17,7,3,9,6,1,18,4,5,15,12,16,8
288,21,8,16,6,17,2,19,12,15,7,14,1,10,20,4,11,13,3,9,18,5
289,5,11,12,13,4,15,21,2,1,9,3,16,8,17,6,20,14,10,18,19,7
290,1,3,8,6,19,2,18,10,16,13,5,21,11,12,20,7,14,17,15,9,4
291,15,13,2,4,11,5,14,10,19,12,17,21,3,9,18,7,20,6,16,1,8
292,1,11,13,10,19,14,18,6,21,8,16,7,2,4,17,9,20,15,12,3,5
293,12,9,21,6,16,14,20,7,1,4,11,13,3,5,18,15,17,19,8,10,2
294,8,11,16,1,19,7,20,9,5,4,15,17,14,3,21,10,6,18,12,13,2
295,18,6,9,4,3,16,15,5,1,10,20,14,11,21,8,12,19,13,17,7,2
296,7,18,11,9,5,14,21,19,1,2,4,17,13,20,8,6,12,3,15,10,16
297,4,5,7,3,10,16,8,21,19,13,15,20,9,17,6,2,14,12,18,1,11
298,21,17,6,3,19,16,9,13,4,14,2,18,12,1,20,11,10,5,7,8,15
299,13,12,10,3,19,18,17,20,21,2,6,15,1,16,8,4,5,9,11,14,7
300,12,10,19,7,20,9,2,8,11,6,17,3,4,16,1,18,13,14,21,5,15
301,16,15,18,13,5,21,2,19,10,4,12,3,11,20,6,9,14,8,7,1,17
302,9,1,3,21,17,5,8,10,15,6,7,16,13,11,12,2,14,20,4,18,19
303,2,5,13,21,19,1,11,18,8,6,20,10,9,3,15,16,4,17,12,14,7
304,14,20,11,5,8,15,21,6,16,10,2,9,12,1,18,4,3,19,13,7,17
305,2,10,3,15,11,21,17,5,12,14,13,6,9,16,8,19,4,18,20,1,7
306,14,8,17,6,7,20,19,4,16,5,10,9,11,18,2,1,15,3,12,13,21
307,10,15,18,17,3,8,4,20,11,2,14,13,6,5,16,7,21,9,12,1,19
308,7,6,15,5,16,2,19,10,8,21,1,4,9,3,17,12,20,13,14,11,18
309,7,20,14,6,12,19,10,15,21,18,17,8,2,9,5,13,1,3,4,16,11
310,19,6,14,21,10,13,2,9,7,16,8,11,3,15,17,12,4,1,18,5,20
311,8,12,13,3,6,17,15,4,11,16,19,20,21,10,5,9,1,14,7,2,18
312,18,4,5,17,20,10,19,7,13,6,21,15,1,8,11,3,2,9,14,16,12
313,4,11,18,3,15,7,20,16,2,13,5,9,17,14,19,12,6,8,21,1,10
314,3,12,9,14,7,5,6,20,19,2,4,16,18,1,10,17,13,8,11,21,15
315,18,12,8,20,7,17,16,19,6,10,13,14,11,1,9,15,5,3,4,2,21
316,5,14,11,16,1,15,18,9,17,7,12,8,2,6,21,3,4,13,19,20,10
317,18,15,5,7,16,2,8,20,19,9,21,14,1,13,17,12,11,6,10,4,3
318,21,16,9,18,19,3,20,1,4,10,11,14,7,15,12,13,2,5,6,8,17
319,10,5,20,4,21,7,17,13,9,15,8,6,11,3,12,19,14,16,2,1,18
320,8,16,5,21,14,17,2,9,6,11,19,20,4,3,13,10,1,12,18,15,7
321,3,14,17,18,9,19,20,4,2,5,15,11,6,8,10,16,21,13,12,7,1
322,14,18,6,8,16,11,7,5,21,20,4,9,1,10,15,12,19,13,2,3,17
323,14,9,20,6,4,1,21,11,7,18,19,13,8,12,16,3,2,17,15,5,10
324,17,14,10,1,13,9,6,16,12,2,19,11,3,20,8,7,18,5,21,4,15
325,21,1,4,3,13,12,5,19,16,18,2,6,11,14,10,7,9,17,8,20,15
326,5,2,18,21,3,7,10,12,11,19,4,6,16,17,13,1,14,20,8,9,15
327,1,20,6,13,14,19,2,5,17,3,8,12,7,9,15,18,21,10,11,4,16
328,16,4,10,1,14,7,5,20,11,6,2,21,12,9,3,13,18,15,17,19,8
329,2,5,14,9,6,15,1,20,13,7,10,21,8,17,16,4,11,18,19,3,12
330,15,17,14,3,11,12,9,1,4,18,7,2,8,5,13,10,19,16,20,6,21
331,1,7,20,13,4,17,8,2,3,18,16,10,11,9,6,14,19,12,15,5,21
332,1,19,11,5,13,3,10,12,21,16,17,14,4,7,20,8,2,15,18,6,9
333,15,1,2,18,14,6,19,5,3,9,11,12,21,7,20,4,10,17,13,8,16
334,8,5,21,11,14,17,13,18,6,4,3,15,7,2,16,19,20,12,1,9,10
335,8,17,16,12,5,7,14,6,10,3,20,13,1,18,2,4,21,19,15,11,9
336,11,15,18,12,13,16,19,5,20,17,4,9,1,3,10,2,7,8,14,21,6
337,20,3,12,18,11,10,1,19,14,9,7,5,2,15,21,13,17,6,8,16,4
338,12,14,21,5,18,20,19,10,8,1,9,3,16,15,13,7,11,17,4,6,2
339,7,8,11,21,12,4,14,19,15,3,16,9,20,1,13,10,5,6,2,18,17
340,12,7,4,11,20,3,9,8,14,19,16,1,5,2,6,13,21,17,15,10,18
341,9,1,21,11,18,15,10,19,7,20,12,14,16,6,17,13,5,2,3,8,4
342,16,5,14,11,3,7,6,12,15,18,17,13,2,21,20,9,1,19,4,8,10
343,13,7,11,5,14,8,18,10,19,3,6,16,12,9,1,17,2,20,21,15,4
344,6,5,15,7,3,11,18,9,20,2,1,14,10,13,12,21,8,4,17,19,16
345,11,17,7,21,19,6,2,1,12,5,10,13,14,8,16,15,3,18,20,9,4
346,3,17,7,10,4,8,15,5,20,9,16,12,13,18,21,6,14,2,11,1,19
347,9,14,5,16,20,10,12,2,15,13,4,11,19,8,6,18,17,3,1,7,21
348,9,2,5,15,8,3,21,12,19,6,16,20,14,17,13,7,4,1,18,10,11
349,15,1,13,9,16,4,11,10,7,17,21,14,12,20,3,19,8,6,2,18,5
350,8,14,12,2,19,4,6,21,20,9,16,7,3,18,11,1,13,10,17,5,15
351,15,3,8,21,19,4,16,14,13,11,6,18,12,1,10,9,7,20,5,2,17
352,6,5,21,14,4,8,20,18,2,15,1,9,13,16,10,3,17,11,19,7,12
353,4,8,14,9,10,15,7,1,18,20,11,21,17,2,3,5,13,16,6,12,19
354,18,2,21,19,3,13,12,10,15,16,8,17,1,14,4,11,9,20,6,5,7
355,17,6,2,21,11,4,9,1,15,19,16,13,18,10,5,3,7,20,14,12,8
356,11,17,8,14,1,7,19,12,13,3,5,4,18,21,2,9,6,20,16,10,15
357,5,14,20,8,19,7,11,4,9,12,16,21,10,15,6,1,3,18,13,17,2
358,21,9,3,1,13,15,17,8,6,4,20,19,7,5,14,16,18,2,12,11,10
359,16,6,20,10,21,17,14,8,15,1,12,18,5,13,11,4,19,9,2,7,3
360,3,8,14,7,12,2,16,5,20,17,21,18,11,15,9,10,19,1,6,13,4
361,8,14,15,5,10,11,1,7,17,18,4,21,12,3,20,13,9,16,19,6,2
362,10,7,17,16,3,21,20,1,14,18,13,19,6,12,5,8,4,11,9,15,2
363,15,21,19,13,1,16,14,5,9,4,7,11,17,18,8,20,6,10,3,12,2
364,11,1,17,5,21,3,13,2,7,16,9,15,4,14,10,18,12,8,19,20,6
365,18,13,21,1,20,16,15,17,5,19,7,11,9,4,3,14,12,6,2,8,10
366,15,6,17,3,8,9,1,16,19,21,11,5,13,12,2,4,10,20,7,18,14
367,5,19,15,13,6,2,7,17,12,9,18,20,8,14,16,21,1,10,3,4,11
368,16,10,13,21,5,2,11,1,4,14,12,7,15,18,3,9,19,8,17,6,20
369,13,16,3,20,1,12,19,17,21,8,11,2,10,18,14,6,5,7,15,4,9
370,8,10,7,15,1,18,2,6,12,20,11,3,21,17,13,14,9,16,5,4,19
371,10,13,18,17,5,7,1,12,4,6,15,20,8,14,9,3,2,21,11,16,19
372,14,9,17,21,16,8,12,10,11,20,13,3,2,4,6,1,5,7,19,15,18
373,16,8,12,3,19,9,21,11,15,6,5,14,4,13,2,17,18,7,10,1,20
374,21,11,1,8,12,15,9,5,3,7,6,14,4,20,19,13,16,17,10,2,18
375,13,5,17,7,1,10,9,8,16,11,20,2,12,4,21,15,6,18,19,3,14
376,4,3,18,15,12,5,8,1,6,13,21,14,11,16,19,9,7,20,17,2,10
377,9,2,15,6,5,21,8,7,3,13,12,10,18,17,4,1,11,16,19,14,20
378,14,6,5,16,12,17,1,20,13,19,4,21,18,9,10,8,3,11,15,7,2
379,14,10,18,17,5,13,15,2,11,21,7,12,3,19,4,1,20,8,9,6,16
380,15,3,21,7,9,10,2,16,20,14,4,13,11,5,12,8,6,18,17,1,19
381,1,15,16,20,11,4,5,8,10,2,19,13,12,14,17,18,7,6,21,9,3
382,16,3,8,13,6,1,2,15,4,7,14,19,11,21,18,9,20,10,17,12,5
383,14,4,13,12,19,5,20,2,8,17,10,18,1,15,7,6,11,3,21,16,9
384,7,18,2,15,9,19,1,3,12,14,13,17,5,20,11,21,10,16,4,6,8
385,13,5,7,8,19,18,15,12,10,21,6,1,9,20,11,4,14,17,3,2,16
386,4,16,5,12,1,7,18,13,21,14,2,6,9,10,11,15,3,8,19,17,20
387,10,13,2,18,16,8,5,3,14,4,12,11,15,21,6,1,7,19,9,17,20
388,18,2,15,8,3,13,6,10,7,4,1,9,16,19,14,12,20,11,21,17,5
389,1,4,3,18,20,6,7,21,13,11,15,14,9,17,5,16,12,2,10,8,19
390,19,20,15,6,9,13,11,8,5,21,4,14,12,17,3,18,10,16,7,2,1
391,16,8,14,1,21,7,6,15,11,17,5,18,20,10,13,4,12,9,19,2,3
392,16,17,14,13,9,15,21,20,19,18,8,11,5,6,12,1,2,3,10,4,7
393,9,3,15,10,16,12,19,20,18,7,2,13,14,17,8,21,11,4,1,5,6
394,6,19,2,3,15,7,21,5,20,17,12,18,16,1,8,11,10,4,14,9,13
395,11,21,2,4,14,6,9,13,3,17,16,15,12,1,5,7,8,18,10,19,20
396,12,11,18,19,20,13,2,14,10,15,16,8,1,3,9,17,4,21,7,6,5
397,8,3,11,15,19,17,7,5,13,2,9,21,18,6,16,12,4,10,20,14,1
398,21,7,14,3,4,6,16,18,17,1,13,2,11,10,8,19,15,9,5,12,20
399,14,19,5,3,9,13,16,8,1,17,4,18,2,21,20,6,11,7,12,10,15
400,7,3,16,4,17,13,8,9,2,15,21,12,6,19,18,11,5,14,1,20,10
401,16,19,3,17,11,12,2,15,20,6,9,7,14,5,1,18,21,8,4,13,10
402,5,20,13,12,6,16,1,9,10,14,2,15,4,19,7,3,11,21,17,8,18
403,9,15,19,13,14,12,5,20,18,3,10,7,17,21,4,1,11,8,2,6,16
404,8,6,17,13,20,4,15,7,11,5,14,9,10,18,16,3,2,12,21,19,1
405,7,15,13,1,4,17,3,14,10,20,6,18,16,11,12,8,5,21,9,19,2
406,2,7,17,19,11,4,21,20,8,12,16,9,3,15,10,6,14,5,18,13,1
407,10,6,18,8,11,7,14,21,1,3,13,20,12,17,4,9,16,2,19,5,15
408,8,20,10,14,11,12,2,17,18,4,7,15,13,21,19,1,9,3,6,5,16
409,12,10,1,9,20,21,5,18,14,6,4,13,8,2,7,15,16,17,19,11,3
410,10,1,13,6,4,21,16,5,9,7,19,14,2,18,20,15,17,12,3,11,8
411,6,7,9,20,12,10,8,1,3,13,18,16,17,4,14,5,11,21,15,19,2
412,1,16,4,3,18,13,11,8,21,9,2,12,7,15,17,5,20,10,6,14,19
413,17,1,8,13,18,15,9,20,4,5,11,21,7,12,10,2,14,16,6,3,19
414,7,19,18,1,9,16,12,21,15,10,3,13,4,2,20,14,8,11,5,6,17
415,10,14,20,1,15,3,2,4,18,19,17,13,21,9,16,12,7,6,11,5,8
416,9,7,16,12,3,21,13,15,17,2,5,8,20,18,14,19,4,1,10,11,6
417,21,20,17,19,14,5,1,10,11,12,13,3,9,7,18,4,8,6,16,15,2
418,5,11,9,10,20,17,8,21,7,13,18,6,19,3,12,1,4,2,14,16,15
419,15,1,6,17,19,18,4,8,2,3,11,16,20,9,7,12,5,13,10,14,21
420,12,6,13,1,7,20,19,16,2,18,4,5,9,10,11,17,21,15,8,14,3
421,10,11,15,20,21,18,12,7,1,6,17,16,19,9,2,14,4,3,5,13,8
422,6,20,7,9,15,21,19,10,3,16,12,18,14,4,2,13,8,11,17,5,1
423,3,4,17,8,18,10,12,5,9,2,1,20,7,19,16,13,11,15,14,6,21
424,18,3,14,15,20,12,11,10,6,5,9,19,17,7,21,8,1,16,13,2,4
425,2,11,18,7,10,19,9,12,16,1,14,17,20,6,21,4,5,8,3,15,13
426,7,16,5,4,19,10,13,2,20,1,15,9,3,17,11,18,14,8,6,12,21
427,11,9,17,10,14,19,13,5,12,3,1,18,4,16,21,20,7,8,15,2,6
428,10,14,21,12,5,2,19,16,11,20,6,9,3,7,4,8,15,1,17,18,13
429,19,16,17,6,3,4,2,14,12,21,18,13,5,20,1,9,10,8,15,7,11
430,18,16,12,10,4,9,20,2,21,6,7,3,17,11,14,5,1,19,15,8,13
431,1,10,7,2,13,11,19,21,4,8,15,20,18,17,3,6,9,12,16,14,5
432,21,10,20,6,5,9,8,15,13,16,17,4,2,7,18,19,11,12,3,1,14
433,9,18,6,21,1,8,20,14,17,13,12,10,3,7,2,15,11,16,4,19,5
434,15,4,17,18,20,16,6,10,5,19,9,12,14,21,8,2,13,1,7,3,11
435,17,5,21,1,6,15,3,11,9,10,19,12,18,13,8,7,16,4,2,14,20
436,15,6,3,17,7,19,8,5,2,18,14,21,10,11,16,9,4,20,13,1,12
437,4,8,12,15,7,16,19,20,21,14,1,13,17,9,5,11,2,3,10,6,18
438,10,6,12,20,8,14,4,7,21,13,5,2,17,18,19,16,11,3,15,9,1
439,21,4,3,16,15,2,11,13,9,14,5,8,7,1,17,6,12,20,19,10,18
440,16,4,12,2,7,15,6,18,10,9,11,13,17,5,20,8,1,19,14,21,3
441,18,3,9,4,14,2,8,17,16,21,12,11,7,5,20,1,13,19,15,10,6
442,18,14,9,7,4,13,1,3,15,8,21,5,17,12,11,19,16,20,6,10,2
443,11,2,13,7,16,12,20,15,4,21,8,6,3,10,18,9,5,19,17,14,1
444,6,20,5,8,13,21,17,15,1,2,10,14,11,9,12,3,4,18,7,19,16
445,16,10,11,17,7,4,2,12,6,5,1,19,15,3,9,13,18,14,21,20,8
446,6,5,13,2,18,16,15,21,4,10,1,19,12,3,20,8,11,7,9,14,17
447,5,2,8,14,7,3,11,6,1,9,19,18,10,13,16,15,17,4,12,20,21
448,2,18,9,15,3,1,8,13,4,19,20,17,16,6,11,12,10,21,14,5,7
449,21,8,9,20,1,13,2,17,19,15,18,12,16,3,6,14,5,11,7,4,10
450,3,18,10,15,13,4,1,7,8,12,11,6,14,21,2,9,20,19,17,16,5
451,2,7,17,6,4,12,5,9,21,8,13,3,10,1,19,16,20,14,11,18,15
452,21,16,19,12,5,17,6,1,9,2,18,14,15,8,13,11,7,4,3,20,10
453,11,14,1,2,6,4,5,16,15,20,19,9,12,8,21,13,17,3,7,18,10
454,2,7,13,19,14,15,21,8,17,4,9,3,18,10,16,6,11,5,1,12,20
455,3,12,19,7,6,8,17,20,16,11,9,14,5,13,15,10,4,18,1,2,21
456,10,4,9,11,18,12,21,7,19,17,6,3,15,8,14,13,2,16,20,1,5
457,15,2,17,16,13,9,4,21,19,3,5,6,20,7,10,14,8,12,1,18,11
458,19,13,21,2,6,3,9,18,7,5,11,20,12,16,4,15,17,14,8,10,1
459,4,21,10,15,2,13,8,14,11,20,19,6,1,16,3,12,7,17,5,9,18
460,2,3,12,18,11,15,16,13,9,7,17,10,14,21,1,4,6,8,19,20,5
461,11,16,13,19,7,20,2,3,14,15,12,10,5,1,4,21,8,17,9,6,18
462,20,6,5,18,16,1,15,10,3,11,9,4,12,19,7,8,21,17,13,14,2
463,18,8,10,16,1,9,19,7,5,11,4,15,20,6,14,3,13,2,21,12,17
464,16,2,8,5,10,7,18,11,20,12,3,19,13,9,15,4,21,6,17,1,14
465,4,12,5,17,2,3,11,15,21,1,7,9,20,19,16,10,6,13,18,8,14
466,15,7,17,20,18,19,8,9,6,14,5,16,10,3,1,11,12,2,13,4,21
467,10,14,3,8,13,15,21,16,9,4,7,5,6,18,19,11,17,20,1,12,2
468,12,9,20,4,10,7,18,5,8,16,15,14,2,19,11,21,6,13,1,17,3
469,3,10,6,12,5,7,8,14,2,1,19,17,9,16,21,18,13,11,4,15,20
470,4,19,14,10,1,17,20,12,18,8,15,16,6,5,9,13,7,21,2,11,3
471,6,17,18,5,12,16,13,14,19,15,3,9,2,4,11,1,21,7,10,20,8
472,8,5,16,21,11,7,20,19,15,6,9,2,17,10,14,13,4,18,3,1,12
473,6,21,14,15,11,1,8,19,12,3,16,9,2,7,13,20,10,5,4,18,17
474,10,17,16,2,11,15,21,4,1,6,19,20,3,12,14,9,18,13,8,5,7
475,2,1,11,16,3,21,5,9,13,19,15,7,17,14,20,18,4,6,10,8,12
476,12,10,20,7,14,1,6,11,21,3,17,15,18,9,19,5,8,4,16,13,2
477,9,15,4,6,2,12,3,8,21,5,18,13,10,19,17,20,14,7,16,11,1
478,11,9,13,12,14,17,2,3,4,19,16,5,21,6,1,20,15,10,18,8,7
479,5,4,10,7,17,16,19,21,18,8,1,14,2,15,12,9,13,6,3,20,11
480,21,10,4,15,12,17,13,2,11,20,3,16,1,14,5,8,9,19,7,18,6
481,11,18,16,9,8,14,1,4,21,7,13,20,2,17,12,19,10,3,6,15,5
482,12,10,18,9,20,6,21,13,5,7,14,11,3,19,16,1,4,8,17,15,2
483,10,17,4,14,19,13,11,18,20,1,6,15,5,12,2,16,3,8,7,9,21
484,6,5,14,21,20,16,4,12,18,19,2,15,17,1,7,3,13,9,8,10,11
485,18,11,8,4,20,5,21,16,19,15,13,1,9,10,12,3,2,14,7,6,17
486,21,19,10,3,16,12,8,1,6,20,4,14,5,9,11,7,18,13,2,15,17
487,10,2,4,7,16,20,5,21,3,19,13,18,8,1,9,6,11,12,14,17,15
488,12,6,21,5,3,17,1,15,2,4,19,13,20,8,14,16,9,18,11,7,10
489,7,3,16,18,9,17,1,5,21,15,14,4,2,10,11,20,13,6,8,12,19
490,4,16,17,3,13,12,6,19,14,11,15,10,7,21,20,1,18,8,9,2,5
491,10,9,17,15,8,12,13,16,4,19,1,11,18,5,2,14,20,21,3,6,7
492,13,2,14,9,1,7,18,4,10,12,17,8,19,3,21,20,6,16,5,15,11
493,4,15,9,7,21,6,10,8,5,2,18,19,1,3,12,16,14,13,11,20,17
494,11,21,20,18,8,4,7,10,1,19,17,3,5,15,14,2,16,9,13,6,12
495,21,17,10,19,3,16,4,13,1,7,9,15,11,2,20,12,8,18,5,6,14
496,12,2,6,4,20,16,8,21,18,17,10,14,13,9,19,15,3,11,5,7,1
497,14,11,16,6,2,20,9,13,12,3,19,18,7,17,15,1,8,21,4,10,5
498,13,14,3,17,11,16,19,9,21,6,7,4,2,1,10,12,15,8,5,18,20
499,9,1,16,10,8,2,5,3,17,19,12,6,20,21,14,15,4,18,7,11,13
500,2,7,5,3,8,12,9,11,14,4,16,21,13,10,18,1,6,19,17,15,20
501,18,1,4,21,8,5,9,6,10,12,16,7,2,3,19,11,17,20,14,13,15
502,12,2,1,19,13,17,7,20,18,8,11,10,3,4,6,21,5,14,9,16,15
503,3,5,17,7,1,11,14,4,12,19,2,16,8,6,10,15,9,21,13,18,20
504,10,14,8,9,12,21,15,6,1,2,19,16,7,3,4,18,17,11,13,20,5
505,4,13,20,14,19,10,21,12,11,18,3,1,16,17,6,15,2,5,7,9,8
506,13,18,8,11,1,12,4,15,17,14,2,5,20,19,3,10,6,21,16,9,7
507,6,19,15,8,9,11,2,7,4,12,18,1,14,10,20,5,17,21,13,3,16
508,12,18,7,6,16,21,9,20,8,1,4,14,11,13,15,3,2,19,5,17,10
509,19,8,5,1,13,18,16,11,7,2,14,6,15,20,12,9,10,21,3,17,4
510,6,3,9,4,21,7,2,15,16,14,18,12,8,19,17,10,13,20,11,5,1
511,19,14,21,16,2,1,13,6,9,15,5,4,12,11,17,10,20,7,18,3,8
512,5,9,21,4,7,15,17,2,19,6,18,16,8,10,3,1,13,14,20,11,12
513,5,4,21,16,14,20,8,18,10,11,7,3,2,9,15,12,17,19,1,13,6
514,1,17,12,3,16,8,21,11,20,13,6,19,4,5,14,10,18,9,15,2,7
515,14,9,5,18,2,6,21,19,15,3,10,12,17,1,4,7,11,8,20,16,13
516,18,7,2,17,8,21,6,5,13,11,12,15,16,19,9,10,1,20,14,3,4
517,3,14,12,18,15,4,20,6,10,16,2,7,11,13,9,1,19,8,21,17,5
518,11,13,7,14,20,6,8,16,12,10,2,21,18,5,1,19,3,4,9,17,15
519,15,5,20,13,2,18,11,17,10,9,4,19,7,3,21,1,8,14,12,16,6
520,1,19,18,11,16,2,14,8,9,21,4,3,6,10,5,13,12,15,7,17,20
521,16,21,5,14,9,17,2,19,11,4,3,15,20,18,6,8,1,12,13,10,7
522,15,12,16,2,5,19,14,3,13,18,1,8,7,4,20,17,10,6,11,21,9
523,6,18,9,4,13,19,11,1,10,5,20,8,12,16,7,17,2,21,15,3,14
524,12,8,1,13,19,16,10,3,20,21,6,9,5,14,4,2,15,18,7,11,17
525,12,13,6,11,19,4,16,9,7,1,5,21,3,10,2,18,17,20,8,14,15
526,21,12,17,13,3,5,7,6,18,10,8,1,9,19,11,20,16,15,14,4,2
527,7,10,12,8,3,2,4,6,16,13,18,11,9,17,5,15,21,20,14,1,19
528,5,19,11,16,3,21,4,14,10,17,15,13,12,7,9,8,6,20,18,1,2
529,6,19,13,3,21,8,14,7,1,16,2,17,12,10,20,11,18,15,4,9,5
530,15,1,21,13,5,3,9,16,11,8,4,6,20,7,14,12,2,18,10,17,19
531,14,6,1,11,19,7,16,5,17,10,9,12,13,15,4,2,8,3,18,21,20
532,13,1,2,5,4,3,20,9,10,11,6,18,15,21,12,19,7,8,17,16,14
533,6,12,17,11,14,4,7,2,20,10,5,13,9,3,15,18,19,21,8,1,16
534,11,1,13,2,16,9,5,4,20,18,10,21,14,17,6,15,12,19,8,7,3
535,16,13,19,9,20,5,1,4,3,10,6,21,18,2,12,11,15,8,14,17,7
536,9,2,18,16,11,10,15,8,21,12,14,6,19,17,5,1,13,3,4,7,20
537,10,19,6,17,21,12,14,3,2,1,8,15,5,18,9,11,20,4,16,13,7
538,14,6,11,19,20,2,16,4,5,1,8,15,9,7,21,18,12,3,17,10,13
539,6,21,14,19,2,9,1,7,3,8,18,17,11,5,15,10,16,20,12,13,4
540,20,5,2,6,16,17,3,12,8,11,19,14,15,7,10,9,18,4,13,21,1
541,10,1,7,4,15,16,3,8,13,2,6,17,12,11,9,19,5,18,21,20,14
542,1,2,13,19,10,8,21,7,16,20,12,14,15,18,9,3,11,5,6,4,17
543,4,3,19,12,14,2,5,15,7,6,17,9,10,16,18,13,1,21,11,20,8
544,16,1,4,21,15,11,6,14,12,10,8,3,9,7,13,20,18,17,5,19,2
545,10,3,5,9,2,17,19,11,4,6,18,13,12,21,20,8,1,7,16,15,14
546,2,3,14,10,17,6,1,5,15,20,16,4,21,19,8,7,12,13,18,9,11
547,11,9,21,12,13,10,19,4,15,14,6,20,17,7,16,18,3,2,8,5,1
548,13,3,1,20,15,14,11,7,9,5,10,2,12,19,4,16,6,17,18,21,8
549,10,1,18,2,8,16,3,13,14,11,19,5,6,7,9,15,17,12,4,21,20
550,8,10,15,17,7,11,3,20,5,14,1,18,12,6,16,19,13,21,4,9,2
551,20,18,15,21,3,9,14,2,12,19,13,5,11,7,4,8,6,16,17,1,10
552,1,14,5,13,11,18,4,3,12,19,2,7,17,20,21,6,9,8,15,16,10
553,3,6,19,10,15,1,11,9,5,8,14,18,4,2,17,13,20,21,16,12,7
554,12,1,9,13,15,6,2,10,8,11,7,19,16,14,20,21,18,17,3,5,4
555,6,16,19,13,18,14,7,4,12,1,15,8,17,3,10,5,20,2,9,21,11
556,3,15,9,20,14,7,4,11,8,19,5,17,2,16,13,1,10,12,18,6,21
557,7,12,2,5,16,21,3,20,13,19,18,4,1,17,11,6,10,9,14,8,15
558,9,13,1,8,7,17,4,2,6,12,19,20,18,15,14,5,11,16,10,3,21
559,12,14,17,16,15,5,1,6,2,8,19,4,21,3,18,11,10,20,13,7,9
560,19,11,5,6,21,17,7,8,18,15,13,4,10,12,9,14,3,16,1,20,2
561,20,4,17,3,9,16,21,7,11,14,18,2,19,5,10,8,1,6,13,12,15
562,1,14,12,10,11,6,2,16,9,19,7,17,5,8,13,18,20,15,3,21,4
563,19,12,14,11,9,6,3,1,4,15,2,13,8,10,20,18,7,17,16,5,21
564,17,13,21,14,16,4,6,19,18,10,8,9,15,20,5,2,12,11,3,7,1
565,11,16,5,14,8,6,4,21,19,18,7,17,12,13,9,1,2,3,15,10,20
566,3,1,12,6,18,20,14,4,2,19,9,8,21,13,5,11,7,10,17,15,16
567,4,15,20,19,3,14,12,21,7,10,5,9,13,6,1,17,2,16,18,8,11
568,19,13,12,18,7,4,10,8,5,2,11,21,1,3,9,14,20,6,17,15,16
569,11,5,19,14,20,8,7,4,2,1,6,3,9,15,21,18,16,13,10,17,12
570,19,16,12,14,10,2,6,7,21,4,8,17,9,1,3,11,18,15,13,20,5
571,7,4,13,12,19,6,17,16,1,9,21,8,5,15,11,18,2,10,3,14,20
572,14,12,15,6,8,19,16,11,13,2,20,3,7,4,21,9,1,18,17,5,10
573,8,13,2,4,16,20,5,7,18,15,14,1,9,12,10,6,3,21,19,17,11
574,7,2,5,1,10,6,20,14,21,13,19,16,12,18,17,9,11,4,15,8,3
575,20,1,14,2,7,6,18,3,15,13,9,17,21,10,5,12,8,16,4,19,11
576,9,13,15,3,1,4,18,19,20,21,10,5,6,11,7,8,16,12,17,2,14
577,11,9,15,3,1,14,5,6,18,4,21,8,20,12,19,17,7,16,10,13,2
578,12,15,4,10,2,11,20,18,17,13,3,9,1,14,7,21,8,6,5,19,16
579,15,17,19,1,13,4,16,18,5,7,6,21,12,9,10,14,3,11,8,2,20
580,8,19,1,5,3,21,16,12,20,7,2,10,6,9,11,18,4,13,17,15,14
581,15,12,17,19,9,13,18,6,11,3,5,21,4,16,7,2,20,1,8,10,14
582,1,12,8,19,7,3,2,13,17,21,6,5,14,11,15,18,16,10,9,4,20
583,14,10,18,16,13,9,8,11,12,19,17,20,2,7,15,4,3,5,6,21,1
584,8,1,3,4,16,13,20,9,18,11,15,5,10,6,14,21,2,7,17,12,19
585,4,21,20,12,11,17,18,6,14,2,19,3,9,15,10,16,1,13,5,7,8
586,18,8,3,19,16,6,4,1,2,5,20,17,7,21,11,13,9,12,15,14,10
587,3,16,20,12,17,18,6,21,2,8,7,10,11,14,9,15,1,4,13,5,19
588,5,4,1,6,12,2,13,14,8,18,21,15,7,11,19,3,20,17,16,10,9
589,6,5,8,3,7,12,1,9,19,18,17,14,2,4,20,21,15,13,16,10,11
590,17,11,20,15,2,21,19,5,6,18,10,9,8,16,1,7,13,3,12,4,14
591,16,5,9,11,10,7,13,21,1,17,12,14,8,18,6,4,2,15,19,20,3
592,5,4,3,15,12,19,21,8,2,16,11,1,6,13,14,9,20,10,18,17,7
593,14,12,7,11,5,4,15,20,6,3,13,2,21,19,1,9,8,17,10,18,16
594,8,6,9,20,19,21,3,14,11,4,15,1,17,13,16,10,2,7,12,18,5
595,13,6,11,8,21,7,1,17,9,12,2,18,20,19,15,16,5,10,14,4,3
596,15,7,19,9,12,6,1,13,20,21,17,3,14,10,8,16,2,4,18,5,11
597,14,12,6,3,15,10,4,5,1,17,18,9,21,20,8,16,2,19,7,11,13
598,3,9,15,13,19,18,6,14,8,12,17,20,4,21,16,11,1,2,10,7,5
599,7,3,9,15,4,10,8,21,6,17,14,1,18,13,19,12,20,11,2,5,16
600,18,7,13,5,2,21,6,1,14,20,3,9,16,17,4,11,15,12,8,19,10
601,3,21,15,6,2,20,1,19,13,17,18,9,5,4,8,10,12,14,7,11,16
602,8,5,10,2,14,17,4,11,12,6,15,21,13,1,20,9,19,16,3,7,18
603,18,6,7,21,9,13,2,1,5,20,11,17,3,10,8,12,19,15,4,16,14
604,9,13,15,10,20,6,17,7,3,1,2,5,12,19,18,21,11,8,4,14,16
605,1,7,6,10,12,18,13,5,3,21,8,16,20,11,4,9,17,15,19,14,2
606,3,9,21,5,6,10,11,15,8,12,19,13,2,16,4,14,18,1,20,7,17
607,10,18,6,14,7,1,8,3,20,17,2,16,5,12,15,19,13,21,11,9,4
608,12,13,3,6,1,10,20,19,7,8,18,21,5,4,11,16,15,17,2,14,9
609,4,17,10,11,3,13,12,5,15,19,9,16,14,8,1,6,2,7,18,20,21
610,2,14,11,6,3,19,13,20,15,9,1,8,4,7,16,18,12,17,5,21,10
611,18,6,1,10,13,16,3,9,15,17,20,21,19,4,11,7,14,8,5,2,12
612,7,17,12,11,4,9,18,21,19,3,8,15,10,13,14,6,1,5,16,2,20
613,1,10,12,18,11,9,7,15,13,16,8,6,17,5,3,14,4,19,21,2,20
614,16,19,4,18,9,1,10,20,2,15,11,7,12,13,5,17,3,8,14,6,21
615,15,21,12,16,19,9,11,18,20,8,2,17,5,3,1,7,14,6,10,4,13
616,13,9,15,12,7,19,4,1,18,2,3,20,17,10,5,21,11,8,16,6,14
617,21,7,15,16,6,10,13,18,17,12,14,8,19,1,3,2,20,9,4,11,5
618,21,9,1,14,5,18,20,11,8,3,6,17,12,13,10,2,4,16,15,19,7
619,20,4,5,21,19,8,9,15,10,12,1,11,6,17,3,13,14,16,2,7,18
620,10,6,19,14,1,3,8,20,7,17,5,18,13,16,15,21,11,4,12,2,9
621,2,13,14,9,20,10,3,8,15,16,11,5,4,1,21,19,6,17,18,12,7
622,20,1,17,13,19,10,3,16,5,7,14,2,12,4,18,11,15,9,8,21,6
623,6,20,17,11,9,7,18,13,15,8,14,3,12,21,4,2,19,10,16,5,1
624,2,10,21,12,9,8,20,18,7,17,1,13,11,5,3,4,15,16,14,6,19
625,18,19,17,10,13,7,14,1,15,12,9,21,8,6,5,20,2,11,16,3,4
626,9,19,8,3,13,4,11,18,15,21,10,1,2,12,6,16,5,17,7,14,20
627,8,12,14,15,13,21,5,17,1,16,18,7,3,4,19,20,2,10,9,6,11
628,10,11,20,8,6,15,21,13,12,5,18,3,9,17,16,19,4,14,1,2,7
629,7,6,21,1,8,10,19,15,20,4,17,5,18,2,11,12,9,13,14,3,16
630,1,15,17,8,16,5,4,18,13,6,14,19,3,11,9,20,21,10,7,12,2
631,9,13,14,6,4,1,18,20,19,16,10,5,7,8,17,12,21,11,3,2,15
632,2,9,15,1,6,10,11,17,13,19,3,21,18,7,20,16,5,8,14,12,4
633,16,2,14,3,1,20,9,7,4,6,15,10,8,18,11,12,13,17,19,21,5
634,12,8,4,1,16,15,14,13,18,6,2,7,5,20,10,3,9,11,17,21,19
635,19,5,18,20,16,10,14,4,9,17,8,21,11,2,15,13,3,12,7,1,6
636,1,15,21,19,10,18,5,16,12,13,3,8,2,9,7,20,6,14,4,11,17
637,11,17,5,2,3,18,6,4,20,13,19,8,1,12,10,15,16,9,21,7,14
638,7,18,1,9,10,13,5,16,2,8,14,11,12,20,15,6,19,3,21,17,4
639,13,1,20,18,15,4,16,2,10,17,11,3,9,12,5,14,19,8,6,21,7
640,12,13,9,8,7,11,10,1,21,4,19,5,15,16,2,3,20,14,18,17,6
641,8,19,15,17,20,10,5,21,18,6,13,1,7,16,14,2,3,11,12,9,4
642,13,15,6,17,21,2,7,18,16,19,11,5,12,8,4,10,3,1,20,14,9
643,7,11,5,19,2,12,8,4,17,10,3,9,14,13,16,1,18,21,6,15,20
644,17,16,1,13,5,4,12,7,11,14,21,2,9,15,8,3,6,20,10,18,19
645,14,16,10,21,17,12,9,2,5,15,7,19,18,6,20,3,4,1,11,13,8
646,15,16,10,13,7,3,1,20,12,18,14,6,9,4,5,2,8,19,17,11,21
647,7,20,6,2,14,5,18,16,9,19,4,13,12,1,21,15,3,17,8,11,10
648,5,3,15,20,9,21,1,6,2,12,7,4,13,19,11,8,17,14,18,10,16
649,14,19,17,5,20,13,11,3,9,1,2,7,21,10,12,6,18,4,16,15,8
650,6,7,8,9,2,1,5,15,20,21,10,13,12,14,19,3,11,17,4,18,16
651,14,17,9,7,11,2,1,18,16,13,21,15,20,8,12,5,3,6,19,4,10
652,2,7,1,11,20,9,17,15,10,5,16,14,21,13,19,4,18,3,6,12,8
653,21,9,17,3,18,2,8,13,14,10,4,6,20,12,5,19,7,1,11,15,16
654,12,18,9,6,10,13,17,1,14,15,19,4,5,21,8,20,11,2,7,3,16
655,19,15,13,8,18,20,3,14,7,5,9,21,12,1,10,11,17,2,16,6,4
656,14,13,1,2,19,6,21,7,3,17,9,20,4,12,16,8,15,5,11,18,10
657,11,14,9,17,3,10,5,15,12,16,18,20,13,8,19,7,6,2,4,21,1
658,6,15,12,2,17,13,8,19,10,9,4,7,3,16,5,14,11,1,18,21,20
659,21,7,17,14,19,15,3,8,2,18,12,6,9,5,13,10,11,1,4,16,20
660,7,6,10,11,18,20,2,21,3,9,16,13,19,12,17,4,1,15,14,8,5
661,19,20,5,8,2,6,15,14,10,16,7,18,13,1,11,12,9,21,3,17,4
662,1,10,21,14,17,3,9,7,20,4,13,11,2,5,18,19,8,15,16,12,6
663,4,12,7,1,8,2,15,16,21,11,5,9,3,10,13,19,17,14,20,6,18
664,5,18,19,3,6,2,4,12,8,14,20,13,9,1,15,7,17,10,16,21,11
665,14,4,8,3,20,13,7,9,6,11,17,1,10,5,16,19,21,12,2,18,15
666,19,15,10,2,3,6,18,4,11,13,1,21,5,16,17,9,7,20,14,8,12
667,18,15,19,12,20,21,10,7,11,2,13,3,8,6,17,4,14,1,9,5,16
668,6,16,8,7,20,17,9,3,2,18,11,1,21,15,19,4,5,10,12,13,14
669,5,3,18,12,7,14,8,11,19,9,4,6,16,21,20,1,13,10,15,17,2
670,11,1,4,20,13,5,17,12,10,8,9,15,14,2,18,19,21,7,3,6,16
671,20,17,21,6,9,14,18,12,4,5,1,16,7,19,3,11,13,2,15,8,10
672,18,10,7,20,9,5,11,6,4,14,21,2,3,8,1,12,19,13,15,17,16
673,15,4,14,7,12,19,10,20,3,9,13,17,1,21,6,18,16,5,2,11,8
674,1,2,11,21,17,10,20,16,14,3,9,12,15,6,18,19,13,7,8,4,5
675,5,19,10,15,2,14,7,3,16,11,12,20,4,17,8,9,18,21,6,13,1
676,20,15,4,18,9,3,16,17,21,12,13,2,10,14,11,8,1,6,19,7,5
677,15,11,19,20,8,6,13,21,12,2,10,17,14,18,3,4,1,7,9,5,16
678,16,6,5,13,9,21,18,20,10,1,7,17,8,3,14,19,15,11,4,12,2
679,15,18,5,13,6,21,14,2,7,9,20,10,1,19,3,17,16,12,11,4,8
680,11,15,5,4,13,19,18,14,9,10,2,16,12,6,8,21,1,7,17,3,20
681,17,2,21,3,4,8,7,6,14,20,18,19,15,11,9,12,5,13,10,16,1
682,16,4,20,8,2,5,21,18,9,19,15,6,14,1,7,3,10,13,17,11,12
683,16,6,19,14,9,7,5,18,13,11,4,3,2,15,17,1,21,10,20,8,12
684,9,18,5,7,21,15,14,20,19,10,13,11,17,6,1,16,4,8,3,2,12
685,14,16,10,11,12,21,3,20,18,13,4,1,8,15,19,17,7,9,6,5,2
686,19,11,4,16,1,9,21,10,2,12,17,3,7,15,18,5,6,20,8,14,13
687,6,10,19,7,17,4,13,21,5,11,15,20,14,8,12,1,3,2,18,9,16
688,2,14,1,18,3,5,20,4,8,13,11,15,6,7,12,10,21,19,9,16,17
689,5,15,7,13,14,10,3,17,12,8,18,6,9,11,21,19,16,20,2,4,1
690,17,1,14,2,15,5,11,16,6,20,12,4,7,3,9,10,18,8,19,21,13
691,8,3,4,11,21,14,2,5,7,9,15,16,10,18,20,13,19,6,1,17,12
692,1,11,2,9,13,6,5,14,3,10,19,8,17,18,21,16,12,20,4,15,7
693,9,4,20,8,2,18,14,5,10,19,21,12,11,3,7,13,6,1,16,15,17
694,2,7,1,18,14,16,4,10,8,15,20,9,12,21,13,6,11,3,19,17,5
695,4,10,2,11,18,15,8,1,12,17,6,3,9,16,5,14,19,20,13,7,21
696,1,8,3,15,2,6,7,13,5,12,9,4,17,16,21,18,19,10,20,11,14
697,11,8,19,9,3,17,14,10,21,15,5,4,16,2,20,18,7,12,13,1,6
698,3,12,16,9,14,2,21,19,15,20,7,6,8,4,5,10,1,17,11,13,18
699,9,21,10,13,1,12,16,3,20,11,6,14,19,8,7,4,2,18,15,17,5
700,4,15,5,16,14,21,7,20,9,3,6,11,1,18,10,13,2,12,19,8,17
701,13,5,19,6,17,16,10,3,20,4,15,1,2,18,14,12,8,7,21,11,9
702,17,6,7,3,21,16,14,11,20,10,15,13,18,9,5,1,2,8,4,19,12
703,15,8,7,13,11,6,20,4,3,12,18,16,17,2,5,14,9,10,21,1,19
704,18,1,14,5,20,10,8,6,13,21,11,15,3,12,4,16,9,19,7,17,2
705,17,2,19,20,4,6,5,7,21,1,12,11,14,16,8,9,10,18,15,13,3
706,9,16,21,18,19,15,7,5,14,12,8,13,17,4,11,10,6,1,2,20,3
707,16,1,6,15,9,8,4,12,7,3,10,18,20,21,2,14,13,19,11,5,17
708,2,12,8,3,16,11,5,6,19,1,7,10,14,18,20,13,15,9,4,21,17
709,2,3,20,4,13,1,6,7,10,12,19,14,5,15,17,9,21,11,8,18,16
710,18,11,20,9,19,17,6,2,1,16,13,14,4,8,21,5,15,7,10,3,12
711,2,13,5,21,17,4,19,14,9,16,18,6,11,10,12,3,20,1,8,7,15
712,2,18,17,5,21,10,1,15,12,7,4,13,8,20,9,3,19,16,6,11,14
713,8,19,15,10,3,16,17,21,13,18,2,12,20,7,6,4,11,1,9,5,14
714,1,2,21,3,18,16,12,7,19,10,9,20,14,8,15,5,11,17,4,13,6
715,3,5,10,16,7,21,11,14,19,18,13,2,20,4,17,9,8,12,6,1,15
716,17,12,15,5,3,13,14,19,8,16,9,18,2,1,10,6,4,11,7,20,21
717,4,3,9,15,6,2,10,14,19,13,18,12,7,16,5,20,17,1,8,11,21
718,17,8,6,21,18,19,14,3,1,7,4,2,15,13,5,16,20,12,10,11,9
719,17,12,14,10,16,21,2,4,9,8,5,20,1,7,3,6,13,11,15,18,19
720,4,7,13,14,1,6,10,8,2,16,11,5,21,19,20,18,9,3,17,12,15
721,14,2,17,10,6,20,1,3,19,18,4,21,8,7,9,12,16,5,13,11,15
722,11,3,6,5,20,9,4,1,13,12,15,8,10,21,7,2,17,18,16,19,14
723,9,3,14,13,8,15,2,7,6,19,16,17,10,20,11,12,1,21,18,5,4
724,6,8,20,1,3,17,15,14,10,7,21,11,5,12,2,13,18,16,9,4,19
725,15,3,2,19,14,18,13,10,4,9,11,21,5,7,12,1,8,6,17,20,16
726,20,13,11,18,16,9,2,3,21,7,17,6,19,8,1,14,12,15,10,4,5
727,20,18,3,6,4,19,10,7,8,5,16,21,9,1,17,11,13,12,14,2,15
728,20,3,11,16,21,1,18,2,9,12,10,19,7,4,13,5,14,15,6,17,8
729,1,13,17,10,3,16,18,9,7,8,14,5,2,19,12,11,4,21,20,15,6
730,4,6,20,3,18,11,16,7,21,15,17,10,1,5,13,9,19,2,8,14,12
731,18,17,9,13,7,21,16,3,20,11,1,8,6,19,5,4,2,14,12,15,10
732,12,3,14,17,20,9,21,18,8,6,15,1,11,16,13,2,19,5,7,10,4
733,8,12,2,19,6,17,18,13,4,1,14,10,20,5,11,7,3,9,21,15,16
734,17,9,11,13,6,18,20,10,2,21,19,4,1,14,12,16,7,5,8,3,15
735,11,19,10,20,8,1,9,3,18,13,4,12,14,17,15,2,6,5,21,7,16
736,9,13,11,21,17,14,10,6,3,2,7,16,18,20,8,5,12,15,4,19,1
737,8,15,6,5,2,19,1,3,16,18,7,12,4,13,9,21,14,11,20,17,10
738,20,4,7,6,10,3,17,9,18,5,13,21,8,11,19,14,12,2,1,15,16
739,3,7,11,5,8,15,17,2,6,9,13,18,21,1,10,19,20,14,12,16,4
740,9,7,13,6,8,17,18,2,15,20,21,11,16,4,19,3,5,10,14,12,1
741,11,7,4,1,5,19,14,18,13,6,20,21,2,17,8,16,12,15,3,9,10
742,7,1,14,3,18,15,17,21,20,6,4,9,10,5,19,11,16,8,13,2,12
743,14,13,12,21,15,3,2,8,17,10,7,16,6,19,4,11,9,18,20,1,5
744,2,21,15,1,4,6,11,9,8,19,13,5,14,10,17,12,3,18,20,16,7
745,19,11,6,14,2,13,17,10,18,16,4,21,3,9,5,1,7,20,8,12,15
746,8,13,6,2,5,7,10,1,21,12,20,11,19,15,14,4,16,17,3,9,18
747,7,15,13,14,20,18,8,1,4,16,3,9,12,10,19,21,5,11,2,6,17
748,17,3,13,16,5,19,2,4,10,11,12,8,6,18,9,14,1,21,7,15,20
749,15,5,10,8,16,2,18,20,17,6,19,11,9,7,13,21,4,3,14,12,1
750,20,15,1,3,9,8,10,12,11,4,14,6,16,18,7,5,13,21,2,19,17
751,2,11,8,1,12,14,7,10,19,17,3,21,4,5,9,15,16,20,6,18,13
752,10,5,2,1,9,13,14,20,21,6,7,19,17,15,8,18,4,11,12,3,16
753,5,18,8,4,17,7,13,19,9,2,12,6,15,11,1,10,14,21,16,20,3
754,1,3,7,13,4,12,17,15,2,20,8,14,10,21,9,18,16,19,11,6,5
755,16,15,13,4,1,19,11,9,18,17,21,6,20,10,8,7,5,2,12,3,14
756,1,14,9,19,6,12,16,15,21,2,4,5,10,3,17,18,7,20,8,13,11
757,8,5,4,13,1,2,19,15,7,18,14,11,17,6,3,21,12,16,10,20,9
758,9,20,2,14,16,15,18,10,12,3,13,8,4,1,19,7,21,17,6,11,5
759,12,9,19,14,16,6,11,10,8,7,21,3,18,5,4,15,2,13,17,20,1
760,6,16,12,5,10,9,18,21,3,1,13,2,19,20,14,4,17,8,7,11,15
761,17,21,15,3,20,6,16,4,12,13,11,10,1,14,8,19,9,7,2,5,18
762,1,5,7,9,4,13,15,2,12,11,8,3,16,21,17,6,19,14,18,20,10
763,9,3,2,7,18,8,10,1,12,11,14,16,4,5,6,17,13,20,15,19,21
764,3,9,10,21,20,4,11,16,13,6,5,15,19,18,2,7,8,17,1,14,12
765,12,9,8,18,20,14,10,2,11,15,13,6,4,5,1,7,19,17,21,16,3
766,16,2,9,21,3,14,20,7,17,11,18,12,13,10,5,19,4,15,6,1,8
767,14,20,4,18,5,12,17,11,10,15,13,2,7,19,21,1,8,9,3,16,6
768,12,20,16,3,7,8,19,10,17,18,1,4,13,21,14,2,6,15,9,5,11
769,19,12,15,8,18,13,2,9,16,21,5,4,6,10,1,3,7,17,14,20,11
770,21,5,16,7,6,12,4,8,11,10,17,13,15,1,3,20,18,14,9,2,19
771,1,18,4,15,7,13,11,3,19,12,10,2,17,6,5,14,21,16,20,8,9
772,21,16,5,8,7,11,17,20,18,4,19,2,12,13,15,3,10,6,1,14,9
773,2,6,1,15,21,3,8,13,14,19,12,16,20,4,18,7,10,17,11,9,5
774,4,16,2,18,9,10,15,5,8,17,19,7,1,12,3,11,20,6,21,13,14
775,2,1,14,17,6,20,13,4,5,15,18,7,21,8,9,11,16,10,3,19,12
776,14,12,19,11,20,16,21,3,17,13,7,5,18,1,15,4,10,9,8,2,6
777,14,17,11,2,15,12,5,19,16,8,18,6,21,20,9,13,10,1,4,3,7
778,1,10,13,5,14,19,11,12,2,9,16,17,18,21,6,15,4,20,7,3,8
779,11,5,6,7,20,13,2,4,16,15,10,1,12,19,14,17,18,21,8,3,9
780,5,7,21,11,10,20,14,3,16,1,19,18,17,4,9,13,2,6,15,8,12
781,7,11,5,4,15,13,9,19,3,17,12,1,2,6,8,18,21,14,20,10,16
782,6,15,3,20,13,9,10,18,2,19,7,4,11,5,1,14,8,21,17,16,12
783,8,7,9,11,16,15,2,6,10,14,21,12,3,1,17,19,4,13,18,20,5
784,6,20,5,18,1,17,10,14,16,2,13,9,15,12,4,3,21,8,19,11,7
785,21,2,9,6,11,15,12,14,19,7,20,8,10,3,1,13,18,5,16,17,4
786,11,20,14,2,12,9,13,10,17,5,1,4,3,18,6,21,8,15,7,19,16
787,7,17,18,4,1,14,10,11,2,3,8,16,12,15,5,6,9,19,13,21,20
788,10,17,15,19,14,7,21,2,12,13,3,5,1,18,16,20,4,6,8,11,9
789,2,17,15,10,8,21,11,9,7,20,4,19,18,14,3,13,16,5,1,6,12
790,8,19,12,14,1,6,10,15,9,7,16,20,11,21,4,3,13,5,2,17,18
791,10,4,18,6,13,21,3,14,16,11,2,20,17,9,15,8,5,19,7,1,12
792,13,21,8,17,4,12,7,6,5,19,15,20,11,10,3,1,18,9,16,14,2
793,1,15,4,13,6,9,2,16,17,10,20,11,18,5,8,7,19,12,14,3,21
794,18,8,5,11,2,1,15,7,6,4,19,10,17,12,3,14,16,13,9,20,21
795,10,15,5,4,2,7,11,16,3,9,1,19,13,18,12,17,6,14,8,21,20
796,1,17,20,16,11,13,15,6,14,21,10,9,18,4,19,7,8,12,2,3,5
797,5,3,8,2,18,16,15,21,7,10,9,6,17,13,20,19,4,11,1,14,12
798,15,7,5,3,20,14,4,1,18,17,13,2,19,21,16,9,11,10,6,12,8
799,21,15,14,13,1,20,5,2,6,17,7,10,9,12,11,3,19,16,8,4,18
800,5,19,21,2,15,6,3,14,1,4,13,10,11,18,20,9,17,7,8,12,16
801,9,8,16,13,12,21,17,18,6,14,5,3,2,7,19,4,15,20,10,11,1
802,8,6,13,15,21,17,16,10,1,19,5,18,12,3,7,4,11,20,2,14,9
803,6,18,17,4,11,12,3,2,10,7,5,19,1,13,9,14,15,21,8,20,16
804,7,15,14,12,9,17,18,10,8,19,16,21,13,1,20,11,6,2,3,5,4
805,17,1,11,16,4,13,3,21,9,18,14,7,12,20,5,2,15,8,6,19,10
806,12,21,10,3,9,6,5,20,18,17,19,11,16,14,4,7,13,2,15,1,8
807,13,8,14,20,18,4,3,21,12,16,6,7,9,17,5,15,10,1,11,2,19
808,3,6,18,5,4,2,17,10,12,1,13,11,20,14,8,7,21,16,19,9,15
809,12,21,16,1,18,9,15,20,10,11,7,6,4,8,5,19,17,3,14,2,13
810,17,4,18,10,16,20,2,12,8,1,9,5,6,15,7,14,19,13,3,21,11
811,9,4,5,16,3,20,21,7,6,13,1,18,15,11,14,17,2,8,10,12,19
812,7,20,2,13,8,17,19,21,10,1,5,6,9,3,18,14,16,12,15,4,11
813,16,17,5,3,10,9,8,14,6,1,2,21,11,18,7,15,12,4,19,13,20
814,11,21,10,14,1,16,15,19,17,7,9,6,2,5,8,12,13,3,4,18,20
815,16,7,1,11,14,18,4,21,19,8,20,17,2,13,6,9,12,10,5,3,15
816,2,4,7,18,8,9,12,17,14,20,10,3,5,1,6,13,19,16,15,11,21
817,18,20,16,15,1,21,7,14,3,9,13,19,6,5,12,2,8,11,17,4,10
818,18,16,21,5,19,1,9,13,11,15,3,14,20,10,7,12,6,2,4,8,17
819,16,4,8,21,13,5,18,14,3,20,11,19,9,10,7,17,2,1,6,15,12
820,18,17,19,10,20,1,13,9,7,2,3,6,15,11,5,4,14,16,21,12,8
821,20,3,15,8,11,18,4,7,12,5,21,13,17,9,19,2,16,10,1,6,14
822,1,14,6,8,7,4,11,2,13,18,3,12,16,17,9,15,19,5,10,21,20
823,14,12,13,9,1,20,16,7,4,3,11,8,5,15,18,21,6,17,2,10,19
824,9,16,20,21,18,2,15,5,17,1,12,4,10,7,19,14,6,3,8,11,13
825,17,19,6,8,21,3,9,18,14,10,2,1,15,4,12,7,16,13,20,5,11
826,8,15,5,10,9,2,1,3,4,6,17,13,11,19,18,21,16,14,7,20,12
827,7,5,4,9,18,11,12,3,19,13,10,15,21,14,1,20,6,16,17,2,8
828,5,10,18,19,16,12,20,14,9,13,2,7,21,6,3,15,8,11,17,4,1
829,9,20,8,1,19,21,16,11,17,10,15,13,12,18,14,5,6,2,7,3,4
830,8,2,19,12,18,11,3,20,9,15,10,1,6,4,5,7,14,21,16,13,17
831,21,4,2,16,6,19,3,13,11,1,7,12,18,9,20,15,8,5,17,14,10
832,13,12,4,19,18,21,3,15,14,7,1,16,5,6,8,10,20,2,11,9,17
833,9,5,2,14,6,3,21,16,19,10,17,11,1,13,8,18,15,7,12,20,4
834,1,13,7,16,4,3,15,12,6,5,21,19,2,17,8,14,9,10,20,18,11
835,4,10,16,13,21,1,5,8,11,20,6,19,2,14,15,12,7,18,17,3,9
836,14,15,17,11,21,9,3,1,16,20,4,13,6,19,7,8,10,18,12,2,5
837,10,3,1,18,16,2,12,11,6,8,19,9,4,17,15,14,13,5,20,7,21
838,12,7,14,18,8,9,3,16,10,21,15,20,19,2,6,13,4,17,5,11,1
839,18,2,6,16,4,19,8,1,10,11,7,14,12,5,21,20,13,9,15,17,3
840,19,16,13,3,1,17,15,20,2,21,7,14,4,18,5,10,11,9,8,12,6
841,4,15,13,10,9,2,19,6,11,5,14,3,18,1,12,16,7,17,8,21,20
842,14,18,5,8,20,7,17,1,15,19,12,11,2,16,21,3,9,4,10,6,13
843,11,21,17,5,10,1,18,13,7,2,15,4,9,20,14,19,3,16,6,8,12
844,13,8,15,12,9,10,7,3,14,4,21,17,6,16,11,18,20,2,1,5,19
845,19,16,1,12,3,7,9,8,10,4,18,21,13,15,5,17,14,20,2,6,11
846,19,21,15,8,17,4,5,7,6,3,13,10,9,20,11,16,12,1,2,18,14
847,11,12,19,18,15,16,6,1,21,17,14,7,3,5,13,8,10,2,4,9,20
848,4,15,10,14,9,18,19,1,21,7,6,2,13,16,20,17,3,8,11,5,12
849,17,6,1,9,15,2,5,4,18,7,10,13,16,11,21,20,8,3,12,19,14
850,15,7,3,17,19,11,10,12,6,5,20,1,8,4,14,21,13,2,9,16,18
851,5,21,3,10,18,11,13,17,12,8,9,16,15,4,7,20,2,14,6,1,19
852,3,1,20,19,15,17,8,6,4,5,21,18,10,13,11,16,12,14,9,2,7
853,4,13,1,6,14,21,11,10,2,16,8,19,17,12,5,9,18,3,20,15,7
854,15,21,10,11,1,7,12,19,9,20,14,18,16,5,6,3,4,17,8,2,13
855,8,3,10,4,18,14,12,16,5,9,11,2,1,6,19,20,13,17,15,7,21
856,16,20,4,7,2,1,18,14,21,12,6,13,5,11,17,15,3,19,8,9,10
857,6,18,12,15,9,1,14,19,13,11,2,4,5,3,17,21,16,10,8,20,7
858,19,2,4,3,14,16,9,5,15,10,17,1,11,13,8,12,20,7,21,6,18
859,2,8,11,7,16,4,13,21,3,9,12,1,14,5,18,17,6,20,19,15,10
860,20,5,14,4,10,19,15,21,13,6,7,12,2,1,11,18,16,9,3,17,8
861,13,6,11,21,4,18,17,20,7,19,8,12,16,9,2,10,5,15,14,1,3
862,3,16,21,2,9,20,15,10,11,4,19,14,6,5,7,1,12,8,13,18,17
863,12,18,16,7,15,9,3,20,17,2,19,5,10,1,6,21,14,13,4,8,11
864,10,8,12,20,13,7,9,21,3,1,17,16,18,14,6,11,15,2,4,5,19
865,6,3,4,12,10,8,2,17,11,18,20,21,13,1,15,7,19,9,14,16,5
866,13,3,1,21,17,7,15,14,11,10,8,16,4,9,12,19,20,6,5,2,18
867,18,11,4,14,16,21,15,6,17,1,10,9,8,2,19,13,3,12,7,5,20
868,1,19,17,2,5,18,20,7,12,10,21,13,16,4,6,15,14,8,11,3,9
869,15,10,12,4,17,2,1,11,6,14,18,19,3,20,5,7,21,9,16,8,13
870,5,11,13,15,21,2,9,12,6,19,14,7,8,17,18,4,20,1,3,16,10
871,21,14,6,9,20,15,2,1,10,13,17,3,18,5,8,19,11,16,12,7,4
872,12,14,20,11,15,9,8,5,13,10,3,17,19,16,2,18,1,7,21,4,6
873,1,11,9,15,8,7,13,3,2,19,16,4,21,17,18,5,12,20,10,14,6
874,9,20,8,6,15,5,14,11,2,4,3,7,12,17,13,21,19,18,16,1,10
875,10,2,18,14,8,16,4,6,15,17,5,13,11,19,3,7,9,12,1,21,20
876,7,10,3,5,18,15,4,1,8,12,16,17,14,11,19,6,20,9,13,21,2
877,8,5,20,6,19,2,3,10,4,21,15,16,1,12,9,18,17,11,14,13,7
878,6,20,18,21,3,4,1,19,10,13,15,7,8,2,12,5,14,16,11,9,17
879,11,6,19,10,1,20,15,17,9,13,2,3,8,21,5,18,12,14,4,7,16
880,7,11,21,10,17,3,5,4,6,12,8,9,1,20,19,14,2,18,16,13,15
881,7,19,3,14,15,21,11,5,13,18,12,2,4,20,17,8,1,10,9,6,16
882,21,8,11,14,17,3,2,4,5,13,10,15,6,20,7,16,18,19,1,9,12
883,20,3,18,1,21,4,12,11,2,15,7,13,14,16,10,6,9,8,19,5,17
884,1,20,10,2,21,3,16,6,4,17,9,18,15,8,14,19,12,13,5,7,11
885,18,10,2,15,12,9,7,19,4,6,3,16,8,14,21,5,13,20,17,1,11
886,20,8,13,21,6,15,19,18,12,11,10,2,4,1,14,9,5,16,7,3,17
887,4,19,5,18,8,6,7,16,17,1,13,11,12,3,21,9,20,10,14,2,15
888,10,21,9,3,15,17,20,4,2,16,8,18,11,12,1,5,13,14,6,7,19
889,12,11,6,13,4,18,17,2,20,16,7,3,19,15,21,14,9,5,8,1,10
890,5,7,19,8,15,2,21,16,14,4,17,13,9,10,20,11,1,6,12,3,18
891,8,18,6,20,4,9,5,14,3,16,13,11,17,7,1,2,10,19,21,15,12
892,14,3,12,18,4,6,7,10,1,13,16,9,15,20,19,11,5,8,17,21,2
893,6,3,11,18,7,20,12,17,15,16,14,10,2,13,1,8,4,5,21,9,19
894,1,13,21,2,3,12,7,17,15,10,19,14,4,16,5,9,8,18,11,6,20
895,19,4,17,21,10,8,12,13,7,1,9,3,14,2,15,11,16,20,18,5,6
896,12,4,18,1,11,3,17,20,8,10,14,13,19,16,5,2,7,15,6,9,21
897,14,2,21,5,6,11,17,9,10,1,20,18,3,16,12,15,19,13,4,7,8
898,21,2,8,16,1,3,9,12,10,20,19,18,7,17,15,6,13,4,11,14,5
899,3,5,7,21,13,12,4,20,15,6,14,8,2,11,18,9,17,10,19,16,1
900,14,15,19,10,3,11,5,16,18,17,2,6,12,21,20,8,13,4,9,7,1
901,9,8,1,20,12,18,7,19,14,13,11,17,4,2,5,21,15,3,6,10,16
902,21,12,3,8,4,18,9,19,16,20,13,14,6,10,15,11,17,5,1,7,2
903,2,8,4,12,5,3,16,13,17,6,21,9,18,10,19,11,7,15,1,20,14
904,5,18,11,13,7,20,14,8,21,4,19,17,2,10,3,12,9,16,1,6,15
905,6,5,17,11,12,16,21,3,4,1,14,13,15,9,8,2,10,18,19,7,20
906,10,13,21,3,18,19,16,17,12,4,2,8,11,9,14,20,6,7,15,5,1
907,19,16,10,20,8,6,15,4,1,11,7,21,2,9,12,13,5,14,3,18,17
908,2,4,21,20,13,18,6,5,19,14,10,1,15,7,9,12,8,3,11,16,17
909,6,8,12,3,11,14,1,18,9,10,2,4,19,5,13,20,21,16,17,7,15
910,11,16,9,3,13,5,15,18,21,19,14,10,1,20,12,17,2,7,4,6,8
911,17,5,4,10,21,2,16,6,18,9,20,1,13,3,15,12,11,8,14,19,7
912,3,2,6,14,20,15,8,4,11,13,16,9,10,18,5,7,17,19,1,12,21
913,2,7,1,13,8,21,20,3,4,16,12,10,17,5,14,9,19,15,6,18,11
914,9,13,1,4,20,19,12,10,17,6,16,18,3,15,5,7,2,8,11,21,14
915,3,20,21,16,15,6,8,1,12,5,10,13,4,7,9,11,19,14,18,17,2
916,4,5,7,3,6,8,16,19,1,17,20,12,15,21,13,11,9,14,2,10,18
917,5,18,10,17,3,11,19,16,7,14,15,12,2,21,8,6,9,20,1,13,4
918,13,3,14,2,1,19,10,16,6,9,7,8,5,20,21,11,12,4,15,17,18
919,15,4,3,14,2,17,8,5,1,12,6,20,10,11,18,13,19,21,9,16,7
920,15,18,21,1,6,8,20,12,2,14,10,9,4,3,16,11,5,17,19,7,13
921,19,1,17,3,11,12,6,5,9,10,8,20,4,14,21,18,15,16,2,7,13
922,5,21,14,16,20,2,19,17,13,8,9,18,10,7,12,1,4,15,6,3,11
923,14,18,3,7,5,21,11,8,13,10,12,2,19,17,9,20,15,16,6,4,1
924,13,4,14,5,11,3,19,7,18,6,2,16,17,10,1,8,15,20,12,9,21
925,20,2,4,19,17,6,11,13,16,15,3,12,7,10,18,9,1,5,8,21,14
926,6,12,8,1,3,19,11,20,4,10,5,21,7,14,2,13,18,15,9,17,16
927,13,14,20,7,2,3,18,12,11,6,5,15,19,10,16,8,17,9,21,4,1
928,8,13,9,20,1,21,14,10,4,12,11,7,19,17,5,18,2,16,15,6,3
929,12,2,13,17,10,8,18,4,16,11,1,14,9,15,21,5,6,20,3,7,19
930,17,4,8,21,5,11,18,2,1,16,9,7,20,13,15,3,10,14,19,6,12
931,3,6,14,12,8,15,9,17,18,21,11,10,4,1,13,16,19,5,7,2,20
932,12,9,11,1,16,19,13,18,14,6,7,21,17,5,20,4,3,8,2,15,10
933,15,8,21,11,12,3,1,13,14,2,17,6,18,10,16,20,5,4,7,9,19
934,19,8,18,7,9,10,15,21,16,6,4,11,5,12,14,2,20,1,17,13,3
935,13,20,17,3,1,19,9,12,2,21,15,6,10,18,8,14,16,4,11,7,5
936,20,5,8,10,21,3,16,9,15,6,18,1,7,4,11,14,12,13,2,17,19
937,21,15,11,17,20,7,4,18,3,16,13,19,5,12,10,1,2,8,14,9,6
938,1,12,2,10,20,5,7,16,14,17,8,18,15,21,9,13,6,3,11,19,4
939,12,3,8,11,9,10,20,15,4,19,17,13,7,6,14,16,5,1,21,2,18
940,9,1,8,5,15,11,20,4,2,3,17,14,13,18,21,19,16,12,7,6,10
941,8,11,7,19,6,1,17,4,5,10,9,15,2,18,12,3,14,13,20,16,21
942,1,16,12,4,18,2,3,9,13,20,11,21,14,7,6,5,8,19,10,15,17
943,12,11,14,15,4,13,7,8,3,19,20,1,2,21,5,6,16,17,10,18,9
944,10,14,4,8,19,11,1,7,3,2,21,13,5,17,20,9,15,12,16,6,18
945,5,21,8,7,1,3,17,4,18,12,2,19,9,20,10,11,6,14,16,13,15
946,20,17,6,18,9,10,16,7,14,19,12,2,13,1,3,8,4,15,5,11,21
947,9,15,19,10,12,3,8,11,13,20,14,5,16,17,7,1,6,2,21,4,18
948,18,8,21,15,11,16,9,7,19,6,20,13,12,5,4,2,1,14,10,3,17
949,3,15,17,18,21,6,7,2,14,16,13,4,8,10,11,9,20,1,5,19,12
950,5,10,13,21,12,7,2,17,14,11,18,9,3,15,20,1,6,4,16,8,19
951,5,20,16,13,6,12,18,7,8,15,4,11,19,3,1,21,2,17,14,10,9
952,1,19,10,9,20,15,12,21,17,11,5,2,4,3,6,13,16,14,7,8,18
953,9,8,3,12,11,21,1,6,17,4,20,14,2,19,5,10,16,7,13,15,18
954,13,17,16,10,3,7,1,11,4,20,18,21,15,19,5,8,12,2,14,9,6
955,17,21,18,3,12,9,20,1,15,16,14,8,13,10,7,6,11,2,4,5,19
956,4,1,2,7,3,20,5,15,21,14,8,17,12,11,10,16,18,9,6,19,13
957,1,5,8,15,9,3,16,21,13,11,7,19,2,20,6,10,4,14,17,12,18
958,13,12,6,2,18,4,3,1,17,14,16,10,7,11,9,8,19,15,21,20,5
959,19,12,11,13,4,21,16,14,5,8,17,18,3,15,9,2,10,7,1,20,6
960,12,9,17,7,15,3,13,20,11,14,8,4,18,2,16,1,6,10,21,5,19
961,12,6,14,16,13,8,2,17,21,1,3,20,7,10,19,15,18,9,11,4,5
962,13,11,2,9,20,6,5,14,4,7,18,3,10,16,21,19,1,8,15,17,12
963,11,13,14,20,7,9,21,1,12,16,19,5,18,3,2,15,6,10,17,4,8
964,10,8,20,6,7,11,16,19,1,15,14,18,13,3,9,4,12,2,5,21,17
965,2,11,4,9,3,7,20,17,10,14,15,16,8,13,12,1,6,5,21,18,19
966,19,17,15,11,7,4,9,21,14,10,3,5,1,16,13,2,18,8,20,6,12
967,3,20,15,14,7,6,4,8,13,17,2,19,12,18,10,16,21,9,5,1,11
968,1,6,8,2,10,16,11,17,20,4,12,18,5,15,14,3,9,13,19,21,7
969,17,19,9,21,16,6,7,14,11,18,13,8,15,20,12,10,2,4,5,3,1
970,14,2,16,21,19,13,5,3,1,18,12,11,20,6,8,15,10,4,9,7,17
971,18,15,13,21,7,1,20,11,16,3,2,19,9,8,5,12,10,17,6,4,14
972,19,12,8,14,21,1,15,3,2,17,5,4,10,16,6,18,13,9,7,11,20
973,1,17,7,13,5,8,3,19,16,2,12,14,4,20,6,18,9,15,11,21,10
974,8,12,18,2,7,13,11,5,21,1,20,19,3,4,9,6,14,17,16,10,15
975,3,4,9,6,11,19,18,10,21,20,2,17,12,5,1,7,14,8,15,13,16
976,11,1,20,15,5,16,3,18,6,19,8,9,17,12,4,2,14,21,10,7,13
977,10,9,13,3,4,21,14,7,15,1,20,6,5,8,2,12,11,18,16,17,19
978,2,21,4,1,7,11,16,15,14,12,10,6,9,19,17,3,5,8,13,20,18
979,12,4,17,14,8,16,3,19,7,18,5,9,21,10,11,15,20,2,1,6,13
980,8,5,17,6,20,4,12,7,1,21,9,13,14,16,3,10,2,18,19,11,15
981,1,17,14,21,18,7,2,15,13,8,19,4,6,12,3,11,5,10,9,16,20
982,7,17,11,14,21,8,2,15,4,13,5,20,19,1,10,18,9,12,16,6,3
983,6,5,19,13,3,1,4,17,8,18,12,9,15,21,16,20,10,14,11,2,7
984,19,1,17,5,4,7,21,10,20,9,6,13,14,15,3,11,8,2,18,12,16
985,11,4,3,17,10,14,12,13,15,5,6,2,1,20,19,9,18,8,16,7,21
986,18,2,11,20,10,9,14,4,6,17,13,8,19,12,1,3,15,16,7,5,21
987,14,3,8,13,19,21,12,7,16,1,17,15,9,18,11,2,6,4,20,10,5
988,5,20,17,11,10,7,3,4,6,18,19,9,21,1,8,13,2,15,12,16,14
989,12,6,3,21,14,5,13,11,20,10,9,7,18,19,8,15,1,16,4,2,17
990,9,4,7,1,12,17,14,15,18,2,10,19,20,13,21,8,5,16,6,3,11
991,13,2,1,12,15,8,17,9,5,4,7,3,20,19,11,14,18,16,10,6,21
992,16,4,6,7,18,12,15,13,2,9,10,20,14,11,17,8,19,1,3,21,5
993,7,1,16,5,14,6,12,11,21,15,17,9,20,10,19,8,2,18,3,13,4
994,13,1,17,19,4,14,16,9,11,6,15,12,21,18,2,20,7,3,5,8,10
995,9,4,13,19,12,18,16,21,8,14,10,1,17,2,11,5,7,15,20,6,3
996,4,19,10,5,17,20,1,13,6,14,2,15,7,3,16,11,21,12,8,9,18
997,15,18,20,5,6,13,17,4,7,2,19,9,1,3,14,12,21,11,16,10,8
998,6,21,10,4,13,15,12,3,2,5,7,1,18,17,9,19,8,11,20,14,16
999,1,13,19,14,8,15,11,7,6,5,17,18,3,21,9,2,10,20,4,12,16
1000,2,11,14,3,16,18,15,7,21,10,19,13,12,6,9,17,5,4,1,8,20
1001,13,15,8,4,12,21,5,19,18,17,16,10,6,11,1,7,20,2,9,3,14
1002,16,2,9,10,15,11,18,21,7,13,1,5,8,17,14,19,4,12,3,20,6
1003,19,10,15,20,11,7,9,21,17,12,16,8,4,3,14,18,1,6,5,13,2
1004,6,5,12,8,2,3,14,18,21,20,16,4,19,7,17,11,13,10,9,15,1
1005,12,10,8,17,1,7,5,14,9,15,16,19,13,11,3,20,18,2,6,21,4
1006,5,8,1,13,12,10,15,11,19,16,20,21,9,6,18,4,7,3,14,2,17
1007,13,3,10,4,8,6,19,1,20,12,2,14,7,5,11,21,16,15,9,18,17
1008,2,17,4,21,16,19,3,7,8,18,13,1,20,9,6,14,5,11,10,15,12
1009,17,8,15,9,13,6,2,18,11,12,7,5,21,10,16,14,3,20,19,1,4
1010,14,10,9,16,7,11,1,12,4,19,13,15,5,8,20,21,3,17,2,6,18
1011,9,14,6,1,8,20,4,15,21,17,19,16,5,12,3,11,13,7,10,18,2
1012,18,7,15,13,3,6,20,4,14,12,19,1,2,21,9,5,8,16,10,17,11
1013,1,21,4,16,8,15,6,14,3,13,7,17,20,12,5,10,11,18,2,9,19
1014,9,2,15,20,17,5,13,11,10,1,4,6,3,12,7,19,8,14,18,16,21
1015,1,16,21,20,9,18,12,13,5,7,19,15,4,10,14,11,6,8,2,17,3
1016,18,14,1,4,3,15,12,5,10,16,8,21,2,19,7,6,9,20,11,17,13
1017,10,2,17,13,19,15,4,18,6,11,20,21,1,3,5,8,9,12,16,7,14
1018,1,2,21,10,11,19,3,18,8,16,9,6,7,5,20,4,17,15,14,13,12
1019,18,3,15,10,16,6,4,2,20,9,19,13,8,12,17,1,14,21,5,7,11
1020,3,4,10,9,8,16,14,12,5,18,13,6,21,1,17,19,11,15,20,7,2
1021,21,17,14,3,6,1,19,18,4,13,10,8,5,20,2,16,11,9,7,15,12
1022,18,11,10,3,16,19,2,12,8,20,13,21,9,6,17,1,5,14,7,15,4
1023,2,3,8,12,9,7,5,13,16,11,4,19,21,10,1,18,14,20,17,6,15
1024,20,15,19,8,14,3,12,2,16,4,11,17,18,1,7,5,9,6,21,10,13
1025,21,17,18,2,9,10,1,20,5,8,15,14,4,7,11,12,13,16,3,6,19
1026,3,1,5,20,2,19,10,16,8,17,21,11,18,14,9,13,7,15,4,12,6
1027,14,7,21,17,8,6,13,11,16,15,10,4,5,3,12,9,19,20,18,2,1
1028,20,3,15,21,6,17,1,9,11,5,7,12,18,13,14,8,19,16,2,10,4
1029,10,12,3,4,6,11,16,9,5,2,15,19,21,1,20,14,8,18,7,13,17
1030,19,14,5,8,7,20,10,21,9,12,11,1,4,6,13,16,15,17,2,3,18
1031,14,20,11,2,21,13,17,1,6,12,3,7,8,10,4,9,15,18,19,16,5
1032,17,16,21,7,20,19,6,2,11,18,3,4,9,14,8,1,15,12,5,10,13
1033,20,11,12,6,9,1,10,17,19,21,3,4,2,5,13,7,14,8,16,18,15
1034,13,7,11,20,5,17,9,10,1,19,12,16,8,21,18,15,4,14,3,2,6
1035,8,2,19,1,4,10,21,12,17,7,11,16,15,13,20,3,14,18,6,9,5
1036,12,13,19,17,6,20,8,4,18,10,5,7,3,14,11,9,16,21,15,2,1
1037,18,15,5,11,6,3,21,9,4,17,20,2,1,8,16,12,14,13,7,19,10
1038,9,19,14,10,13,1,11,3,4,21,8,16,6,5,15,18,12,20,2,7,17
1039,13,6,20,15,18,9,1,4,7,17,8,19,21,10,2,3,5,14,16,11,12
1040,19,2,12,18,16,4,5,15,6,14,13,20,9,11,8,1,21,7,3,17,10
1041,12,6,14,20,8,4,9,18,21,5,11,10,1,16,15,2,17,3,19,13,7
1042,1,7,6,3,16,10,21,14,2,20,15,17,13,9,12,18,11,5,4,8,19
1043,7,9,2,21,4,17,10,1,15,3,13,14,16,6,8,20,5,18,12,19,11
1044,8,19,16,3,21,2,7,4,11,10,15,14,9,6,18,17,12,5,20,13,1
1045,2,20,11,3,9,1,16,7,14,12,4,18,6,21,8,15,19,17,5,10,13
1046,1,12,8,13,17,21,20,7,4,9,3,16,5,18,11,6,19,14,10,15,2
1047,9,13,10,7,18,14,6,17,19,2,20,8,3,21,4,15,1,16,5,12,11
1048,10,9,19,13,4,6,15,11,8,21,16,5,20,7,17,12,1,2,14,3,18
1049,18,10,8,20,5,17,1,16,9,21,12,4,19,2,14,11,6,15,7,13,3
1050,12,7,17,18,2,16,9,6,19,13,11,1,8,3,20,5,4,21,10,14,15
1051,8,13,10,7,17,6,9,18,15,20,19,4,5,11,3,16,14,21,2,1,12
1052,11,21,17,5,16,13,9,20,14,1,8,19,18,10,6,4,7,2,3,15,12
1053,17,1,4,13,15,2,18,6,12,9,8,5,16,19,3,10,20,11,14,7,21
1054,4,1,18,16,19,13,10,20,21,9,14,15,3,5,8,2,6,7,11,12,17
1055,18,14,1,10,21,19,2,12,3,9,20,8,11,4,13,6,16,5,15,17,7
1056,2,19,11,7,8,5,15,17,16,18,20,14,3,6,4,12,10,1,13,9,21
1057,20,1,18,13,2,8,15,17,11,6,19,12,3,16,14,5,4,9,21,10,7
1058,12,9,3,8,13,14,10,20,1,21,15,18,17,4,19,6,16,2,11,7,5
1059,4,5,12,1,16,17,6,9,18,21,13,10,19,11,7,3,20,14,15,2,8
1060,14,4,1,6,11,13,17,8,10,21,15,9,3,19,7,5,20,2,18,16,12
1061,19,15,6,17,2,18,4,7,10,11,8,16,13,21,12,1,14,5,3,20,9
1062,11,7,8,19,2,17,4,12,9,3,6,10,16,5,1,18,20,15,13,21,14
1063,2,21,20,1,10,3,16,17,15,14,5,7,13,18,19,11,8,9,6,4,12
1064,12,11,20,1,13,15,2,6,18,8,19,17,10,9,3,5,16,7,14,21,4
1065,7,13,2,15,12,14,19,1,9,6,17,3,10,20,8,5,4,18,16,11,21
1066,11,15,8,1,13,5,4,2,19,12,3,16,17,21,9,20,18,14,6,10,7
1067,20,8,7,6,16,12,10,3,15,1,11,5,18,19,17,9,4,21,14,13,2
1068,8,15,11,13,6,18,16,2,7,20,3,12,4,17,14,10,9,21,1,19,5
1069,12,5,4,17,20,3,14,2,15,10,9,21,7,8,18,13,1,16,11,19,6
1070,21,7,12,9,10,18,5,4,15,17,6,8,2,16,19,20,3,13,11,1,14
1071,15,14,20,5,1,18,4,12,3,11,16,9,6,8,21,7,2,19,17,13,10
1072,21,17,9,11,1,5,6,18,20,13,14,4,3,16,19,2,8,7,10,15,12
1073,13,8,10,7,9,17,15,12,19,20,11,4,14,5,1,21,2,18,3,6,16
1074,10,11,21,14,18,20,8,4,16,15,6,3,5,7,2,1,9,13,19,12,17
1075,18,20,19,14,6,1,17,2,21,9,7,16,15,4,11,5,3,12,13,10,8
1076,14,15,7,3,21,18,2,9,4,16,12,5,11,8,6,1,10,17,13,20,19
1077,20,13,9,4,18,6,11,10,2,14,19,5,3,7,21,12,8,16,15,1,17
1078,9,11,5,20,8,6,14,15,16,1,18,17,12,7,13,10,19,3,21,4,2
1079,12,19,1,8,4,11,9,6,3,15,20,10,5,2,18,7,13,14,21,17,16
1080,14,17,21,3,16,12,10,15,8,13,1,11,5,4,6,19,20,9,18,7,2
1081,21,5,6,19,7,11,9,16,4,12,1,20,8,10,3,15,18,17,14,2,13
1082,10,1,3,5,9,16,4,19,17,8,20,6,2,12,21,7,11,13,18,15,14
1083,7,2,3,4,11,5,16,19,9,12,1,15,20,14,10,17,21,18,13,6,8
1084,9,3,12,7,17,5,10,6,15,18,19,1,11,8,4,20,14,21,2,13,16
1085,21,14,20,9,1,5,12,18,13,15,19,8,4,3,2,6,7,16,11,17,10
1086,21,4,1,12,16,2,20,19,5,14,11,6,18,15,13,10,17,9,8,3,7
1087,10,13,21,9,12,3,7,11,17,5,19,16,20,18,1,6,15,2,8,14,4
1088,8,10,9,15,13,17,2,12,1,4,19,20,11,7,18,16,14,3,21,6,5
1089,1,14,8,16,15,7,18,11,17,6,2,10,13,19,3,12,9,4,5,20,21
1090,11,7,5,21,17,2,18,1,4,3,8,6,10,15,14,19,9,12,20,16,13
1091,21,1,19,11,7,15,8,10,9,20,17,2,13,14,12,5,6,3,4,18,16
1092,15,16,8,3,1,20,10,17,6,9,5,14,2,13,12,19,11,7,4,18,21
1093,20,13,6,19,3,7,2,11,21,1,18,15,17,8,4,14,12,10,16,5,9
1094,4,5,20,1,12,18,3,14,21,7,16,2,8,11,10,9,6,19,15,13,17
1095,20,21,17,9,1,12,13,6,4,14,16,18,5,19,15,7,2,10,11,3,8
1096,4,20,17,14,6,13,3,16,5,1,7,9,2,19,21,11,8,15,18,10,12
1097,19,17,7,5,11,12,2,8,4,21,3,9,14,13,1,16,20,15,10,18,6
1098,14,19,18,15,6,9,20,4,1,7,10,8,21,12,17,16,2,11,3,13,5
1099,15,13,19,11,8,2,5,7,6,18,10,20,16,21,14,12,3,17,1,4,9
1100,7,12,3,4,17,14,6,19,1,2,15,10,21,5,20,8,9,16,13,11,18
1101,17,5,20,9,6,18,3,19,21,8,14,11,1,13,10,4,2,15,7,12,16
1102,7,2,1,19,16,17,14,13,15,4,6,8,12,18,10,3,11,5,9,20,21
1103,6,7,10,17,20,13,21,5,12,9,14,11,16,8,1,4,3,18,15,19,2
1104,8,3,19,9,11,2,17,5,7,1,14,20,15,13,16,6,4,10,18,21,12
1105,21,5,2,4,8,13,16,3,15,20,10,6,1,18,14,12,7,19,11,17,9
1106,12,14,7,19,11,20,4,9,1,5,10,2,21,3,13,16,18,15,8,6,17
1107,18,2,15,21,5,8,4,3,19,9,16,12,6,13,11,10,14,7,1,17,20
1108,10,5,9,11,14,20,6,19,8,4,15,12,18,13,1,7,16,17,21,2,3
1109,10,18,8,14,16,19,2,5,6,1,9,3,4,11,7,21,15,13,20,17,12
1110,16,7,17,8,15,2,18,12,5,1,3,13,6,11,20,14,10,4,21,9,19
1111,14,15,7,20,19,3,6,21,4,10,5,11,18,2,17,1,9,8,16,13,12
1112,18,4,10,14,13,1,9,6,12,3,17,7,21,5,20,2,19,15,16,8,11
1113,10,19,20,9,1,16,3,12,17,15,14,8,7,4,11,13,21,6,2,5,18
1114,17,7,21,19,1,9,18,14,16,2,8,15,20,4,3,13,10,12,11,5,6
1115,7,17,20,6,15,4,14,11,21,5,19,8,3,18,10,16,13,12,9,2,1
1116,10,21,12,17,4,13,20,7,3,1,15,2,11,16,14,9,18,5,19,8,6
1117,21,16,14,15,20,6,19,5,10,8,4,12,11,17,1,7,18,2,3,9,13
1118,9,2,3,21,16,11,12,20,13,14,15,8,18,10,7,19,5,6,4,1,17
1119,10,12,4,19,7,15,18,6,11,16,8,1,14,20,5,2,9,13,3,21,17
1120,1,15,13,12,10,18,19,3,2,14,5,6,20,8,21,9,7,11,16,4,17
1121,4,11,7,9,15,10,20,19,6,21,3,17,1,13,8,14,5,2,18,12,16
1122,2,3,9,11,13,19,8,5,7,6,18,10,12,16,1,14,4,21,20,17,15
1123,17,21,19,8,14,1,2,18,20,4,7,10,11,6,16,13,9,5,3,12,15
1124,10,8,12,17,14,5,13,6,9,21,1,19,2,4,3,7,15,11,16,18,20
1125,4,9,6,11,18,12,19,7,10,13,15,17,2,16,1,21,8,3,5,14,20
1126,15,17,13,2,11,14,21,5,4,7,1,20,10,19,8,9,18,12,16,3,6
1127,17,18,5,8,13,4,3,11,2,1,6,20,7,9,19,14,10,12,16,21,15
1128,11,9,3,20,5,17,14,2,1,15,21,6,13,10,4,12,18,19,16,8,7
1129,17,20,2,15,16,10,14,9,8,21,18,19,6,4,13,5,1,7,11,12,3
1130,19,12,16,14,15,9,11,4,6,5,1,10,2,18,13,21,17,20,7,8,3
1131,14,10,13,4,12,3,20,16,9,5,2,21,15,19,1,18,17,8,11,7,6
1132,3,4,12,2,15,18,9,21,1,17,19,6,5,16,11,14,13,10,8,7,20
1133,21,13,16,2,7,4,15,20,8,3,5,10,11,6,17,18,9,1,14,19,12
1134,1,21,2,17,4,8,12,16,15,9,11,7,10,3,14,20,13,6,19,5,18
1135,17,11,5,18,19,8,1,7,9,16,6,13,20,2,10,15,14,12,3,21,4
1136,2,9,15,17,18,3,5,16,8,12,6,13,1,7,21,19,14,11,10,20,4
1137,20,10,14,3,18,11,5,21,8,17,19,12,7,2,16,13,1,9,15,4,6
1138,12,8,11,2,17,1,7,13,5,3,14,9,16,10,15,19,18,4,21,6,20
1139,12,3,14,4,20,6,17,13,19,7,9,15,10,8,2,21,18,1,16,5,11
1140,7,6,4,16,5,2,17,9,15,21,14,12,20,18,3,19,11,13,1,10,8
1141,14,7,18,17,5,12,4,16,9,8,20,11,3,10,19,15,1,2,21,13,6
1142,4,3,9,8,14,17,21,15,10,5,18,20,11,19,12,6,7,1,13,2,16
1143,10,20,5,1,15,7,6,11,17,3,19,18,4,12,16,21,8,2,14,13,9
1144,19,5,14,11,17,13,18,1,21,15,7,9,10,20,2,12,8,3,6,4,16
1145,10,4,11,2,16,18,8,17,15,20,7,3,12,19,5,6,14,21,13,1,9
1146,9,4,2,8,16,21,20,14,6,3,7,17,12,5,19,18,15,1,13,11,10
1147,6,8,11,3,21,13,12,14,9,4,16,19,5,2,17,20,1,18,10,15,7
1148,12,5,14,4,17,13,11,2,1,18,3,8,21,7,6,9,10,16,19,15,20
1149,8,3,5,7,18,21,1,10,16,17,4,20,19,9,13,14,2,11,6,12,15
1150,17,13,12,20,9,6,16,5,10,1,2,3,18,11,7,19,15,4,8,21,14
1151,15,14,17,1,4,21,3,5,9,20,16,19,18,12,10,2,11,8,6,7,13
1152,2,7,6,8,5,18,20,21,15,13,3,17,1,4,19,10,12,11,14,9,16
1153,11,1,12,6,10,18,16,3,14,20,4,17,2,9,13,5,7,15,21,19,8
1154,6,11,1,4,16,12,20,8,18,2,10,13,17,3,14,19,15,7,21,9,5
1155,15,10,17,19,1,6,3,20,9,2,21,11,14,12,18,7,16,5,8,4,13
1156,5,1,8,6,20,10,14,17,4,11,7,19,2,16,21,12,15,9,18,13,3
1157,9,2,18,5,19,7,11,13,17,14,10,1,3,15,8,21,16,20,12,6,4
1158,16,1,15,6,12,8,21,14,11,20,9,17,3,19,13,10,7,4,5,2,18
1159,6,11,18,19,15,3,4,16,8,10,20,17,12,2,5,14,9,1,21,13,7
1160,13,14,4,15,12,8,21,17,5,9,18,19,2,6,10,7,1,11,3,16,20
1161,16,3,19,21,4,9,13,15,12,10,2,18,14,8,20,7,5,17,11,1,6
1162,13,15,21,5,12,8,4,2,9,6,7,1,16,20,14,18,3,17,11,10,19
1163,19,9,7,11,18,5,2,3,14,13,6,1,4,20,21,17,16,12,8,15,10
1164,19,2,16,1,14,6,7,20,11,4,5,10,3,12,18,13,15,9,21,17,8
1165,2,1,8,3,9,6,5,16,12,11,13,21,10,17,4,14,20,15,7,19,18
1166,10,20,17,13,21,6,1,18,5,15,19,12,9,16,2,11,3,7,4,8,14
1167,6,18,12,2,7,21,1,4,17,3,19,11,8,10,14,13,15,5,16,20,9
1168,20,11,4,7,5,18,16,19,13,15,2,8,9,3,17,10,6,1,21,12,14
1169,7,3,4,18,8,14,13,2,20,16,21,12,10,15,1,5,17,19,9,6,11
1170,20,7,19,2,10,21,18,1,17,13,9,15,5,6,12,14,3,11,16,8,4
1171,20,9,19,12,21,11,6,4,10,8,1,17,16,13,15,14,18,3,5,2,7
1172,5,12,15,10,19,17,1,6,21,3,13,16,4,20,8,2,9,7,14,11,18
1173,20,18,14,13,4,6,3,16,10,17,2,8,21,9,11,1,15,7,5,12,19
1174,7,15,5,13,9,21,6,16,2,8,10,11,1,19,20,3,12,14,17,4,18
1175,16,5,14,21,19,13,1,11,9,15,10,4,3,20,2,18,8,12,6,7,17
1176,15,20,8,4,6,12,7,2,16,21,18,3,14,19,5,10,1,11,9,13,17
1177,11,3,21,2,6,17,15,20,12,14,18,9,19,7,1,4,5,13,16,10,8
1178,5,2,16,1,9,6,8,21,13,3,4,17,10,18,12,19,20,7,11,14,15
1179,10,9,21,14,2,16,19,3,6,17,7,5,12,11,18,20,4,8,1,13,15
1180,15,14,16,12,7,20,3,11,8,18,10,4,9,5,2,1,17,19,21,6,13
1181,19,3,5,14,16,13,8,1,7,6,11,15,2,18,10,4,12,17,9,21,20
1182,10,13,17,14,8,4,18,15,16,11,21,20,2,9,19,3,6,12,1,7,5
1183,14,8,17,4,1,11,5,16,21,19,6,18,3,15,2,7,12,10,20,13,9
1184,5,15,14,2,12,16,21,7,6,8,20,10,3,13,9,17,1,18,4,19,11
1185,15,13,14,18,6,11,3,5,8,12,21,1,4,17,2,10,16,7,19,20,9
1186,18,16,1,11,13,21,3,19,20,15,17,10,6,9,5,14,2,7,8,4,12
1187,1,5,9,8,2,13,12,18,19,16,6,17,15,14,10,3,21,11,7,20,4
1188,13,10,9,3,4,17,20,7,15,16,6,12,8,1,11,5,2,21,19,14,18
1189,21,9,17,19,1,5,3,11,15,13,4,10,14,20,18,16,6,8,7,12,2
1190,15,14,11,17,13,7,18,9,16,2,3,1,21,10,4,19,5,20,12,6,8
1191,18,6,5,8,9,19,15,11,10,21,3,1,16,20,14,13,7,2,4,17,12
1192,3,20,5,15,4,17,10,13,1,21,11,8,12,19,18,16,7,9,14,2,6
1193,20,18,5,3,10,21,19,17,7,13,15,11,16,14,12,8,9,6,2,4,1
1194,18,3,19,20,11,13,15,14,10,16,2,4,5,6,8,1,12,9,17,21,7
1195,9,18,14,2,17,4,20,1,11,15,7,6,16,21,5,10,8,19,13,12,3
1196,3,19,6,9,2,17,7,14,10,13,20,1,11,12,18,5,4,15,21,16,8
1197,10,17,21,19,16,20,6,5,3,12,4,8,7,2,13,1,9,18,11,15,14
1198,12,20,19,14,4,17,9,7,8,10,15,18,3,21,16,5,13,6,1,2,11
1199,3,18,19,9,21,14,15,6,2,8,16,11,10,17,1,5,4,13,20,12,7
1200,9,4,11,20,16,21,19,6,7,5,17,1,12,2,13,14,15,8,10,18,3
1201,18,10,17,11,14,15,2,3,6,19,7,13,9,12,20,4,8,5,21,1,16
1202,19,12,4,10,5,15,6,11,13,9,18,21,17,7,2,20,8,14,16,3,1
1203,7,16,4,11,1,6,9,8,15,18,14,5,10,12,17,3,13,2,20,19,21
1204,13,21,1,2,18,9,3,7,10,19,5,12,4,14,6,11,15,16,17,20,8
1205,3,20,7,8,12,2,18,17,19,16,6,1,15,13,9,11,14,10,21,5,4
1206,13,10,16,11,15,8,18,6,19,1,4,5,14,17,21,3,2,20,9,12,7
1207,21,2,12,1,13,16,19,18,8,3,17,11,4,20,5,7,10,15,14,9,6
1208,20,16,2,14,8,17,21,18,15,7,13,12,1,9,5,10,4,6,19,3,11
1209,20,9,10,16,6,12,7,3,4,1,13,11,14,21,2,8,19,18,17,15,5
1210,11,8,12,3,18,14,21,6,7,5,15,19,17,13,2,20,1,10,4,9,16
1211,4,15,11,19,20,5,21,12,13,16,2,10,1,14,6,9,18,7,8,3,17
1212,17,9,5,6,10,20,13,11,4,14,15,1,21,18,2,3,8,12,19,16,7
1213,19,10,16,9,6,11,18,4,21,8,17,14,1,2,5,13,12,15,20,3,7
1214,4,13,20,16,10,2,11,15,21,7,12,18,17,1,9,6,5,14,19,3,8
1215,15,19,5,20,6,17,12,4,7,3,11,21,9,18,16,1,14,8,13,2,10
1216,12,7,4,15,5,14,20,11,19,16,21,17,1,18,10,8,2,3,13,6,9
1217,2,5,7,8,1,14,15,10,3,21,6,11,9,18,12,4,17,20,13,19,16
1218,10,14,20,5,6,19,15,13,12,7,21,8,1,17,2,9,3,4,18,16,11
1219,17,21,14,20,8,1,7,3,11,19,5,10,6,12,15,9,4,2,13,18,16
1220,2,20,16,13,7,14,11,8,21,19,12,10,6,4,3,15,1,9,17,18,5
1221,17,20,16,11,18,3,15,10,9,13,7,21,8,5,19,12,14,6,4,2,1
1222,12,8,1,11,2,21,15,9,3,6,19,17,10,16,20,7,5,14,13,4,18
1223,15,3,8,14,9,2,17,13,10,19,12,21,5,20,16,18,7,6,4,11,1
1224,8,6,17,7,10,15,19,16,12,11,20,4,13,18,3,9,2,14,1,21,5
1225,3,19,21,16,7,9,17,5,4,15,2,18,8,1,12,11,6,20,14,10,13
1226,21,13,15,5,2,6,17,18,4,19,1,9,10,11,20,16,7,3,14,8,12
1227,18,12,11,7,6,3,19,9,10,5,15,8,20,14,1,16,21,13,17,2,4
1228,3,8,10,1,17,13,18,2,16,5,12,7,4,20,9,15,6,21,11,19,14
1229,6,17,2,12,3,8,11,21,20,9,15,5,13,10,4,19,14,18,1,16,7
1230,8,3,1,11,5,20,10,7,4,12,6,13,18,19,21,15,2,14,9,16,17
1231,15,12,20,13,4,16,21,6,1,11,10,17,8,2,5,9,3,14,18,19,7
1232,12,15,9,7,19,11,21,14,5,18,10,13,16,4,20,2,3,6,8,17,1
1233,8,10,21,9,7,11,18,13,5,2,16,20,17,4,19,1,12,15,14,3,6
1234,19,12,3,5,6,10,16,9,20,13,17,8,18,21,2,14,7,1,11,15,4
1235,8,15,6,18,1,14,7,13,3,4,20,16,11,19,17,21,10,5,2,12,9
1236,20,10,17,4,5,7,3,6,15,9,19,11,2,21,18,14,1,16,13,12,8
1237,17,7,20,14,10,15,19,9,2,18,8,16,5,21,4,6,3,12,11,13,1
1238,2,6,10,7,18,12,15,17,21,14,19,11,8,3,13,20,9,16,5,4,1
1239,15,16,9,19,11,10,18,21,4,2,14,13,7,20,6,17,3,5,12,1,8
1240,12,9,5,18,2,4,10,19,3,17,14,7,15,6,11,13,8,20,16,1,21
1241,13,11,7,14,21,6,12,4,17,15,20,16,18,1,3,5,8,10,2,9,19
1242,17,9,10,16,7,12,5,6,13,4,11,8,1,14,21,20,19,15,18,2,3
1243,12,2,5,10,6,21,14,20,8,3,7,1,18,11,15,4,19,17,13,16,9
1244,6,1,13,16,19,20,4,8,21,3,18,2,7,15,5,12,11,9,17,14,10
1245,8,4,17,10,2,18,12,15,3,6,9,14,7,19,21,5,20,16,1,11,13
1246,4,8,9,2,14,5,21,19,11,12,10,18,16,1,20,15,7,17,13,3,6
1247,9,12,16,4,17,6,21,2,14,18,1,20,11,19,10,7,5,15,3,8,13
1248,6,7,10,11,1,2,14,4,8,16,9,3,17,15,5,12,13,20,19,18,21
1249,5,8,4,16,15,13,6,12,11,14,20,17,18,2,9,21,3,1,10,7,19
1250,21,10,13,15,7,11,5,8,1,2,4,19,6,18,20,3,14,9,12,17,16
1251,11,10,3,9,21,8,6,19,20,13,2,15,1,7,4,18,16,14,5,12,17
1252,7,12,20,13,3,21,2,8,16,10,15,19,5,1,18,9,6,14,11,17,4
1253,16,14,12,21,2,3,15,4,10,8,19,9,6,20,13,7,5,11,18,1,17
1254,8,3,21,15,4,12,14,18,10,6,16,7,17,19,5,13,9,20,1,2,11
1255,7,14,1,11,4,17,19,6,13,8,2,9,3,18,20,10,15,16,21,12,5
1256,2,12,13,17,6,7,19,5,18,16,20,3,21,1,4,14,10,8,9,11,15
1257,2,17,13,9,16,18,6,19,14,20,8,10,11,15,21,5,1,3,12,7,4
1258,16,8,1,7,19,15,9,5,12,2,13,10,21,14,18,11,3,20,4,17,6
1259,9,6,16,18,21,11,3,2,8,13,15,5,12,1,19,17,4,20,10,7,14
1260,1,20,19,11,2,8,3,14,12,16,17,21,5,10,9,6,7,15,18,4,13
1261,16,11,14,2,21,18,6,19,15,8,20,7,17,4,1,5,13,12,3,10,9
1262,7,20,2,12,9,17,10,1,16,15,8,11,6,21,13,14,4,18,3,19,5
1263,13,9,1,3,17,4,7,12,20,16,6,11,2,10,8,19,18,5,15,14,21
1264,21,14,2,1,19,7,5,11,12,10,3,16,13,4,8,6,20,9,18,17,15
1265,12,6,19,1,4,11,16,7,20,8,15,10,14,3,21,2,18,13,9,17,5
1266,14,5,13,9,20,16,10,4,21,19,15,17,18,2,12,6,11,1,7,8,3
1267,21,19,13,14,11,17,6,2,8,12,20,10,9,3,5,15,1,4,16,7,18
1268,7,2,8,17,21,1,11,9,12,20,14,16,10,4,13,6,19,18,3,15,5
1269,2,9,1,3,4,13,6,20,18,5,17,15,8,12,11,19,21,10,16,14,7
1270,21,10,12,16,18,17,5,2,13,9,14,20,1,19,4,6,11,7,15,3,8
1271,7,3,14,19,2,15,17,20,16,1,13,6,18,8,5,11,4,10,9,21,12
1272,15,19,21,20,2,16,8,4,12,11,5,9,14,17,10,6,3,13,1,18,7
1273,16,4,2,1,19,10,3,9,8,11,21,5,12,15,7,17,18,20,6,13,14
1274,20,21,3,6,16,18,8,5,13,10,17,7,11,9,2,15,19,14,4,12,1
1275,12,21,2,5,1,9,16,4,6,3,18,7,17,20,10,8,19,13,11,14,15
1276,1,16,17,5,14,8,13,21,3,18,4,6,15,7,9,19,12,11,2,20,10
1277,1,13,12,7,4,17,18,20,21,14,9,11,5,19,16,8,15,2,6,10,3
1278,10,15,6,2,8,16,20,7,14,17,1,9,3,11,18,5,13,12,21,4,19
1279,9,20,1,11,6,3,5,4,17,21,18,19,2,8,10,7,15,12,13,16,14
1280,8,14,12,6,4,16,1,15,11,18,9,13,10,21,5,3,7,2,20,17,19
1281,12,9,15,3,21,13,2,20,6,1,17,10,7,16,19,8,5,14,18,4,11
1282,20,5,19,10,11,9,14,6,21,16,4,13,3,2,15,8,7,1,12,17,18
1283,7,4,6,2,18,9,3,15,12,1,10,16,11,19,14,8,13,17,20,5,21
1284,17,3,4,7,14,6,5,15,12,1,13,19,10,9,11,21,18,16,2,8,20
1285,18,13,15,7,8,19,2,6,4,17,16,3,21,14,12,10,20,11,9,5,1
1286,21,18,7,13,19,1,16,11,6,14,20,3,5,12,10,17,15,4,9,2,8
1287,3,12,10,17,5,14,16,21,8,7,6,18,19,2,11,13,4,20,9,1,15
1288,3,21,2,8,11,7,4,5,15,1,10,16,18,17,20,6,12,9,19,14,13
1289,18,9,20,1,6,8,7,2,13,11,12,21,16,19,10,4,14,15,3,5,17
1290,14,4,20,18,9,3,1,12,17,21,11,8,2,19,6,7,10,13,16,15,5
1291,16,7,17,3,15,1,8,12,19,20,18,21,10,9,5,13,11,6,4,2,14
1292,5,3,10,20,14,12,1,15,21,11,6,13,18,17,4,16,2,9,8,7,19
1293,18,8,17,13,7,16,1,20,4,10,5,9,19,21,15,2,3,11,6,14,12
1294,21,11,20,8,15,16,9,2,19,14,6,17,12,1,10,4,13,5,7,18,3
1295,14,20,16,21,13,2,5,7,8,9,17,15,11,1,4,6,18,19,12,3,10
1296,16,2,20,11,17,21,18,12,9,1,8,14,3,10,6,13,7,15,4,19,5
1297,19,9,21,1,5,7,4,12,13,14,10,8,15,2,16,3,20,11,18,17,6
1298,17,4,5,21,20,13,1,18,10,7,15,11,2,19,3,16,6,9,8,14,12
1299,20,3,8,1,11,17,21,19,4,12,10,14,5,9,18,16,13,7,15,6,2
1300,20,2,15,11,10,3,6,9,8,16,17,5,4,18,1,21,14,19,7,13,12
1301,8,3,19,18,14,17,4,15,5,12,16,7,11,1,6,2,9,13,10,21,20
1302,6,14,7,11,8,4,1,16,3,15,12,18,5,10,2,13,20,19,9,17,21
1303,21,20,1,19,16,13,4,5,2,14,8,11,12,9,6,15,3,17,10,18,7
1304,19,18,16,8,6,9,15,17,7,11,12,1,21,14,4,5,13,2,20,10,3
1305,4,18,11,19,9,16,14,7,6,1,21,2,20,12,3,13,5,8,17,10,15
1306,21,9,6,7,3,16,1,13,11,14,15,17,10,4,5,2,18,20,8,12,19
1307,3,8,18,10,13,20,2,4,6,1,14,16,9,12,21,15,5,7,11,17,19
1308,9,3,19,14,1,20,15,13,17,21,6,10,5,16,2,11,4,7,18,8,12
1309,5,1,14,6,8,20,2,19,11,21,18,7,9,4,12,16,17,13,10,15,3
1310,12,6,13,18,17,5,9,20,21,14,3,7,8,2,4,10,16,11,19,15,1
1311,16,21,13,7,4,10,3,19,18,14,9,1,12,15,6,5,8,11,17,2,20
1312,8,4,2,15,11,21,14,20,16,1,12,5,17,10,9,19,18,3,13,6,7
1313,16,20,5,6,21,13,17,9,7,19,14,11,8,1,4,10,18,12,3,2,15
1314,15,12,21,5,16,4,10,1,6,11,18,14,8,17,20,3,2,9,7,19,13
1315,1,3,13,2,9,10,5,17,20,12,15,21,14,7,6,16,8,19,4,11,18
1316,14,4,1,20,11,13,15,12,9,21,16,6,18,17,3,7,5,2,19,8,10
1317,12,13,7,11,4,8,20,3,17,18,21,14,1,2,5,19,15,6,9,10,16
1318,8,17,19,1,18,13,11,20,15,10,9,5,7,3,12,4,2,6,21,16,14
1319,11,14,3,20,16,19,13,8,2,10,4,15,5,6,17,21,12,1,18,7,9
1320,19,6,3,18,4,1,12,13,20,9,7,14,21,10,15,8,2,11,17,16,5
1321,6,7,14,17,20,1,3,21,11,2,4,19,15,5,8,12,13,16,9,18,10
1322,3,11,6,5,16,10,12,8,2,21,4,18,13,7,9,14,1,15,20,17,19
1323,6,12,11,3,17,21,9,7,8,5,19,18,16,4,15,14,1,20,10,2,13
1324,16,19,9,21,6,7,12,13,15,17,10,4,3,18,5,11,20,2,14,8,1
1325,13,11,4,21,7,9,18,2,10,20,6,3,12,15,19,5,8,17,14,16,1
1326,18,4,1,9,12,14,15,8,16,13,10,7,3,11,2,20,21,6,5,19,17
1327,18,11,6,12,1,21,5,14,20,15,16,8,17,3,10,7,9,2,4,13,19
1328,21,6,5,11,19,17,10,8,20,3,18,2,13,15,14,7,9,16,12,4,1
1329,6,3,18,16,12,14,20,21,13,1,2,8,7,9,11,19,5,17,4,10,15
1330,10,3,19,9,17,2,21,18,7,1,4,20,15,16,5,13,12,6,11,8,14
1331,17,11,21,19,4,14,16,6,12,3,15,1,7,20,9,8,5,18,10,2,13
1332,9,19,5,14,21,15,4,11,1,10,13,2,20,18,3,8,6,16,7,17,12
1333,16,4,19,9,8,21,6,1,3,11,7,18,5,20,10,12,15,14,17,13,2
1334,15,6,2,5,17,13,19,14,8,3,7,9,18,10,16,21,1,12,4,20,11
1335,18,7,6,21,17,9,1,4,3,12,15,11,5,10,14,2,13,20,16,19,8
1336,13,12,9,7,20,14,10,5,19,2,18,1,16,11,21,15,3,17,8,4,6
1337,14,5,16,11,2,7,1,19,12,8,17,20,21,9,15,10,3,6,18,4,13
1338,5,13,10,20,4,14,9,19,8,18,12,11,21,6,1,3,2,15,17,16,7
1339,17,19,1,3,21,9,4,20,14,16,6,15,10,8,5,2,11,13,12,18,7
1340,19,17,1,15,6,12,3,8,13,4,11,10,7,21,16,9,20,18,14,5,2
1341,13,20,9,19,17,15,10,11,4,2,21,3,12,14,16,6,8,5,18,1,7
1342,5,13,18,1,4,21,7,19,16,8,20,2,17,3,10,9,11,15,14,6,12
1343,19,13,17,3,4,5,8,10,9,20,16,7,15,1,12,6,2,18,21,11,14
1344,12,2,6,11,14,21,19,3,4,8,1,13,18,16,20,5,17,15,9,10,7
1345,7,3,1,18,2,11,16,19,8,12,9,20,4,17,15,21,13,14,6,5,10
1346,17,14,12,21,1,11,6,15,8,19,10,7,20,3,18,4,13,5,16,2,9
1347,18,16,14,11,4,21,3,19,15,12,1,10,7,17,20,13,6,5,8,9,2
1348,6,11,12,9,18,2,21,17,20,1,8,3,5,10,15,7,16,14,19,13,4
1349,1,20,21,6,5,3,11,8,7,10,13,16,14,2,18,9,12,17,4,15,19
1350,10,17,4,9,7,6,20,16,14,1,5,21,11,2,3,8,12,13,19,15,18
1351,16,6,11,20,21,4,8,10,7,17,2,3,1,18,15,13,5,9,14,12,19
1352,19,4,1,13,3,2,12,17,21,10,9,6,18,16,15,5,8,11,20,14,7
1353,6,19,9,7,20,4,17,10,5,14,13,1,8,15,21,12,3,11,16,2,18
1354,7,18,14,17,11,9,8,20,13,19,5,1,15,4,6,3,10,12,21,2,16
1355,3,19,4,12,7,18,14,17,11,8,5,16,9,10,6,2,20,21,15,1,13
1356,10,18,19,20,15,6,8,12,11,2,4,1,14,7,5,13,16,17,21,3,9
1357,17,9,15,12,18,5,11,8,16,4,3,10,1,6,21,2,13,19,14,20,7
1358,12,17,5,11,10,15,6,16,18,2,19,13,14,21,7,9,1,8,20,3,4
1359,7,12,9,4,19,20,15,18,14,8,3,6,5,1,13,21,16,10,2,11,17
1360,12,20,15,3,1,18,6,5,8,17,21,10,13,2,11,14,16,7,19,9,4
1361,17,2,9,15,10,6,7,19,21,18,8,16,5,11,20,12,1,14,3,13,4
1362,2,7,5,20,15,9,16,21,8,1,13,3,14,11,4,19,6,18,17,12,10
1363,12,2,20,19,21,4,9,10,3,1,15,13,14,7,8,11,16,5,17,18,6
1364,12,3,17,16,14,8,11,10,18,2,20,7,1,15,21,4,6,13,19,5,9
1365,9,14,7,3,4,11,1,15,5,20,10,19,18,17,6,2,13,16,8,12,21
1366,10,4,8,11,21,19,3,15,2,16,9,5,17,1,13,20,7,14,12,18,6
1367,12,1,21,3,2,20,6,5,18,9,17,13,19,7,14,8,4,16,10,15,11
1368,10,4,3,6,8,15,14,11,17,7,16,20,13,19,12,5,2,1,21,9,18
1369,20,5,18,4,7,12,2,6,8,14,15,21,10,16,11,9,13,19,1,17,3
1370,21,9,16,12,10,4,5,6,2,8,3,17,18,15,19,13,14,20,11,7,1
1371,13,2,9,16,5,19,18,10,17,1,20,12,6,7,8,21,4,3,11,14,15
1372,8,13,5,18,14,11,16,6,7,15,21,10,19,1,17,3,4,9,2,12,20
1373,18,7,9,12,11,4,14,17,6,13,16,20,19,2,1,10,5,3,21,15,8
1374,21,15,7,3,6,13,16,1,18,20,4,14,17,12,2,19,5,11,8,10,9
1375,4,15,8,2,21,19,18,13,12,9,20,3,10,6,7,14,16,17,1,11,5
1376,11,6,16,18,20,13,3,7,17,5,8,9,21,4,15,2,10,12,19,14,1
1377,18,16,4,3,19,21,10,15,9,1,11,7,14,6,5,12,20,17,8,13,2
1378,21,19,13,15,2,16,12,8,4,6,3,9,14,10,11,17,5,7,18,1,20
1379,10,5,8,17,13,20,15,7,11,19,6,3,9,1,18,16,2,14,12,21,4
1380,15,7,20,17,10,19,6,3,14,9,12,11,21,5,4,8,18,1,2,16,13
1381,21,6,4,8,18,3,2,10,20,11,17,13,1,5,16,19,15,14,12,9,7
1382,10,13,12,18,20,2,4,5,11,21,16,14,3,9,1,6,17,8,15,7,19
1383,1,18,7,4,8,16,14,21,19,15,9,5,17,12,6,10,2,13,3,11,20
1384,3,12,10,13,16,15,5,14,9,20,7,8,17,19,4,1,11,18,21,6,2
1385,10,20,16,5,6,17,15,4,21,13,14,19,18,9,8,11,12,2,3,7,1
1386,8,6,18,4,12,1,17,11,16,19,13,3,15,20,21,2,5,7,10,14,9
1387,2,19,3,14,17,9,16,20,6,18,8,10,7,4,11,15,1,13,5,21,12
1388,10,12,18,13,5,8,2,16,19,15,3,9,6,20,17,7,14,11,4,1,21
1389,13,7,8,19,3,4,14,18,9,5,10,20,11,12,2,17,1,15,21,6,16
1390,16,1,6,13,14,4,7,12,15,3,10,19,9,20,21,8,5,18,11,17,2
1391,9,6,14,11,21,3,18,1,4,12,20,16,2,19,13,7,15,8,5,17,10
1392,6,17,11,16,3,19,20,14,10,21,12,8,13,18,15,1,7,2,5,4,9
1393,2,17,3,18,19,14,10,11,1,12,15,20,6,4,8,7,16,13,9,21,5
1394,11,16,18,2,17,4,1,20,21,19,3,8,9,6,12,5,13,15,7,10,14
1395,8,20,3,12,7,21,17,10,6,14,16,9,13,11,18,19,1,5,15,2,4
1396,15,5,4,2,10,7,9,17,16,8,11,18,1,13,12,3,19,14,6,20,21
1397,14,20,16,4,9,19,10,5,1,21,7,11,8,15,6,18,3,2,17,13,12
1398,6,8,3,7,11,16,13,4,17,19,15,5,2,14,9,10,1,12,20,18,21
1399,9,14,21,17,12,15,11,4,2,5,16,3,1,19,6,13,10,18,7,20,8
1400,3,12,17,10,20,2,6,16,11,1,19,9,8,14,4,7,15,5,13,18,21
1401,1,17,13,18,12,4,14,10,7,21,3,8,20,9,5,11,15,6,2,16,19
1402,6,18,1,11,17,4,10,9,20,2,15,5,7,14,3,16,19,21,8,13,12
1403,2,18,20,15,5,4,10,13,14,8,12,19,3,9,16,6,17,11,7,1,21
1404,11,4,5,6,1,9,3,12,2,7,8,16,21,18,10,15,14,19,20,17,13
1405,12,21,9,17,14,6,1,18,4,20,7,2,5,16,8,15,10,19,11,13,3
1406,8,11,21,12,18,17,6,20,14,3,1,7,15,5,19,13,2,4,9,10,16
1407,15,4,17,1,12,14,2,8,5,3,11,21,18,13,6,20,9,7,10,16,19
1408,11,15,20,8,7,17,13,2,21,14,6,9,18,19,3,16,10,5,1,12,4
1409,18,8,5,19,13,4,7,17,3,15,11,16,21,9,6,1,14,20,2,12,10
1410,1,19,2,4,3,6,8,11,12,16,14,5,17,13,18,21,9,10,7,20,15
1411,13,9,20,21,5,2,4,3,15,8,19,10,16,11,7,1,17,14,6,12,18
1412,10,14,8,16,6,5,13,21,15,19,18,7,11,17,4,20,1,9,12,2,3
1413,14,6,11,1,10,8,15,12,3,20,16,4,17,13,21,7,18,19,2,5,9
1414,19,14,3,21,15,17,7,20,11,10,18,1,9,8,2,13,16,5,12,4,6
1415,14,17,9,19,10,5,8,18,1,15,16,20,6,7,11,12,3,2,13,4,21
1416,18,20,10,12,6,14,5,9,21,7,17,2,11,1,19,15,4,16,8,13,3
1417,4,11,21,13,5,8,7,10,9,18,19,2,14,12,20,16,15,17,6,3,1
1418,10,3,11,19,16,2,17,5,7,20,14,12,15,1,13,18,4,21,9,8,6
1419,20,16,2,12,11,3,5,6,10,9,17,19,7,4,15,21,1,18,8,14,13
1420,17,8,7,12,16,1,11,10,20,4,3,18,5,19,14,13,2,9,6,15,21
1421,8,18,1,13,10,9,4,14,3,20,2,16,11,5,6,7,19,21,17,12,15
1422,3,9,14,5,16,10,17,6,21,7,11,4,2,1,20,8,12,19,15,18,13
1423,7,17,3,8,12,4,18,9,20,11,16,2,5,10,1,14,13,15,19,6,21
1424,10,21,2,12,14,11,6,15,9,13,3,18,8,17,7,4,16,20,5,1,19
1425,3,8,4,20,13,14,10,9,7,2,19,15,12,1,5,17,11,6,21,16,18
1426,2,5,16,3,21,1,8,15,11,20,19,12,18,9,4,7,17,13,10,14,6
1427,16,19,12,4,5,21,13,7,11,6,18,20,17,10,3,8,15,2,14,1,9
1428,14,3,12,20,10,18,15,2,6,7,16,8,9,4,11,17,19,1,13,5,21
1429,10,6,5,20,7,15,18,2,17,16,11,19,8,3,4,14,9,21,12,1,13
1430,15,14,2,13,6,18,17,11,20,9,10,16,21,4,12,7,1,19,5,8,3
1431,2,17,13,16,18,10,9,3,14,20,4,8,15,5,19,6,21,1,12,11,7
1432,1,3,18,2,19,12,16,4,8,5,9,6,17,13,15,21,7,11,20,10,14
1433,2,14,9,21,19,6,10,4,15,8,20,7,11,3,5,13,12,18,1,17,16
1434,15,7,21,5,18,8,2,3,13,19,20,9,12,17,11,6,4,14,1,10,16
1435,16,15,8,7,4,9,3,19,21,11,6,5,12,20,1,2,10,14,18,13,17
1436,17,14,12,16,21,4,1,3,20,13,2,15,8,11,9,18,6,7,5,10,19
1437,9,19,12,8,21,7,15,10,2,4,3,16,1,11,20,17,18,6,13,5,14
1438,7,15,8,13,11,20,9,16,6,18,1,2,3,5,17,4,10,12,19,14,21
1439,4,3,13,7,1,6,5,17,19,15,8,16,14,2,12,18,11,21,9,20,10
1440,4,20,7,18,2,12,13,14,10,6,1,19,3,8,17,5,11,15,16,9,21
1441,12,14,20,10,4,16,17,11,6,13,8,21,15,3,18,9,19,5,2,7,1
1442,17,7,5,18,21,11,13,3,2,12,1,8,14,19,16,4,9,15,20,10,6
1443,9,16,20,6,2,15,3,5,13,8,19,7,1,12,14,4,10,11,18,17,21
1444,21,9,11,3,16,13,14,7,12,18,8,17,19,2,20,15,4,10,6,1,5
1445,12,3,1,11,2,13,14,17,9,16,5,8,10,21,15,6,7,20,19,4,18
1446,14,16,18,13,19,1,3,12,20,6,21,4,2,8,10,15,11,9,7,5,17
1447,13,7,11,21,1,12,9,14,20,15,3,4,5,10,6,19,2,18,16,17,8
1448,12,3,11,20,7,5,6,21,2,18,1,17,14,15,19,4,8,9,13,16,10
1449,18,2,15,9,12,14,21,5,7,8,17,4,11,13,3,6,20,1,16,10,19
1450,4,12,16,21,2,11,8,3,14,20,10,9,18,7,17,1,6,19,15,5,13
1451,8,1,21,11,18,6,7,3,20,13,4,12,14,16,17,5,10,19,9,15,2
1452,12,1,9,11,15,13,16,14,19,17,3,21,2,8,20,4,7,10,18,5,6
1453,10,9,16,17,8,7,5,18,14,1,3,15,6,12,13,4,11,2,20,19,21
1454,5,17,12,21,6,3,8,7,13,11,15,10,19,4,20,1,9,18,2,14,16
1455,15,14,6,11,20,10,7,18,12,16,21,4,9,17,5,19,13,2,1,3,8
1456,8,17,14,12,9,7,5,20,6,15,21,3,1,2,13,18,10,11,16,19,4
1457,6,9,2,5,17,19,20,18,13,16,4,10,7,11,12,14,15,8,1,3,21
1458,15,12,13,11,1,7,10,18,14,8,17,5,6,21,4,3,19,2,20,16,9
1459,18,21,5,2,12,9,8,17,3,6,7,14,20,11,4,15,10,19,16,1,13
1460,15,11,1,17,8,19,5,7,2,14,20,12,13,6,21,16,10,18,3,4,9
1461,6,5,9,3,21,18,20,8,17,4,7,10,14,2,1,12,19,11,16,15,13
1462,17,14,13,7,9,10,5,15,21,3,19,4,8,16,11,2,20,12,18,1,6
1463,19,21,15,1,2,5,6,7,4,3,17,13,12,11,14,18,10,9,16,20,8
1464,16,1,8,4,19,11,20,5,12,9,13,17,7,3,15,18,10,21,2,6,14
1465,17,4,11,6,20,8,21,5,3,2,15,18,9,12,14,13,19,7,1,10,16
1466,9,21,2,18,4,15,6,8,7,20,14,5,1,19,17,12,3,16,10,13,11
1467,2,20,17,16,12,11,10,8,5,6,1,19,4,21,3,13,14,18,15,9,7
1468,7,14,8,2,20,9,15,6,13,1,21,4,12,5,19,10,3,16,18,11,17
1469,6,9,14,17,13,3,7,2,8,10,15,16,12,5,19,11,1,18,20,4,21
1470,14,19,13,9,21,5,1,15,17,16,7,12,8,6,11,18,4,3,10,20,2
1471,9,20,2,7,11,1,6,3,14,17,4,5,18,21,8,10,19,15,16,13,12
1472,19,12,8,11,7,20,9,4,1,18,6,10,2,3,21,13,14,16,5,15,17
1473,14,9,6,12,20,3,2,18,17,19,1,7,10,16,8,13,4,15,11,21,5
1474,16,10,11,20,13,18,15,7,21,12,4,8,6,17,14,19,5,2,3,1,9
1475,7,9,13,11,18,16,20,21,6,4,14,3,15,12,19,5,1,8,10,2,17
1476,5,3,4,10,9,18,1,7,12,19,21,16,20,2,8,14,13,17,15,6,11
1477,5,21,3,12,18,8,13,14,10,9,2,17,19,1,7,11,20,16,4,6,15
1478,21,1,16,15,5,4,3,9,11,10,8,19,20,12,14,13,17,2,7,6,18
1479,8,5,17,2,13,11,1,10,6,14,20,3,4,12,18,9,19,15,7,21,16
1480,6,20,19,5,16,4,14,11,2,21,8,13,12,3,15,18,1,7,9,10,17
1481,16,2,21,18,3,5,15,20,6,9,17,14,12,4,19,10,13,11,1,7,8
1482,4,5,21,11,2,1,16,3,8,17,6,9,13,18,14,15,7,10,20,19,12
1483,3,12,10,11,21,20,13,15,7,8,18,1,9,6,19,14,16,17,5,2,4
1484,13,20,12,6,1,4,17,16,2,5,9,7,3,19,21,11,8,10,14,18,15
1485,2,10,12,16,8,17,19,7,5,1,20,13,18,9,14,3,6,4,15,11,21
1486,2,14,11,4,17,1,20,6,21,8,19,16,12,15,7,18,13,10,3,9,5
1487,12,17,10,21,5,18,3,14,4,16,13,1,20,6,19,11,9,7,15,8,2
1488,3,17,5,14,16,21,1,7,8,18,19,9,11,13,2,10,20,6,12,4,15
1489,3,12,15,21,2,16,5,1,19,20,9,18,10,14,17,6,7,11,13,8,4
1490,11,10,6,13,21,12,18,5,14,4,7,15,2,20,1,9,3,19,8,16,17
1491,17,5,11,19,15,18,3,21,1,9,7,8,6,20,4,10,12,14,2,16,13
1492,18,5,3,10,14,11,2,21,13,1,19,16,6,17,12,8,7,9,20,15,4
1493,5,11,10,18,15,4,2,1,19,20,17,3,13,14,12,6,8,9,16,7,21
1494,8,16,10,6,11,21,5,7,14,12,13,19,1,4,18,9,17,20,15,3,2
1495,9,21,18,11,6,15,4,5,20,13,17,19,14,12,3,16,7,1,2,8,10
1496,20,5,16,18,4,13,11,10,6,12,2,1,9,8,3,17,15,7,19,21,14
1497,2,15,18,5,20,19,13,1,17,7,12,11,6,4,9,14,8,10,3,16,21
1498,9,7,10,3,11,19,13,20,6,17,16,5,12,2,8,1,4,21,18,14,15
1499,13,12,16,15,14,8,17,2,5,21,3,7,1,18,19,6,20,10,9,11,4
1500,4,18,20,2,9,3,10,14,8,11,5,15,7,19,6,13,16,1,17,21,12
1501,11,7,9,17,2,6,21,4,13,15,19,1,20,8,12,14,18,10,3,16,5
1502,19,12,21,2,3,18,16,14,11,9,8,13,17,5,15,4,7,10,6,1,20
1503,14,19,15,16,13,3,21,9,20,1,7,4,6,18,8,11,10,5,12,17,2
1504,5,21,11,8,20,6,7,19,9,16,18,2,10,17,13,3,12,1,15,4,14
1505,16,14,21,15,7,11,6,10,17,20,18,2,1,19,5,4,12,13,8,3,9
1506,17,8,9,7,10,16,6,13,21,19,1,2,5,20,3,14,12,18,11,15,4
1507,10,15,17,6,19,7,8,9,1,14,2,18,12,21,11,3,20,5,16,13,4
1508,16,7,10,3,18,9,1,20,14,17,4,11,19,2,21,12,15,5,8,13,6
1509,19,13,7,5,8,9,11,1,16,15,2,20,12,10,18,6,17,4,21,3,14
1510,14,15,1,20,19,11,5,9,10,18,8,17,6,16,7,13,2,12,21,3,4
1511,4,14,16,17,1,19,5,8,18,13,2,9,15,10,11,7,6,20,3,21,12
1512,10,1,12,6,20,9,15,14,16,17,3,11,5,7,4,19,18,21,8,13,2
1513,8,3,5,16,12,4,13,14,18,6,10,19,21,11,17,20,9,1,15,7,2
1514,17,6,16,9,8,14,12,20,21,2,3,11,15,5,10,18,1,4,7,19,13
1515,8,14,6,15,18,13,16,1,11,19,5,10,7,3,21,12,17,9,4,2,20
1516,16,14,11,13,7,9,15,20,8,3,6,4,21,2,5,1,18,17,19,12,10
1517,4,11,10,18,21,1,15,8,20,17,2,12,5,9,14,6,3,16,19,7,13
1518,11,21,15,5,14,7,12,4,19,9,3,2,18,1,16,8,13,6,17,10,20
1519,16,1,17,2,11,18,12,13,6,9,14,7,20,4,19,10,8,15,5,3,21
1520,13,21,7,4,11,5,8,14,18,17,20,1,3,19,6,12,15,16,2,9,10
1521,10,5,1,14,9,15,11,20,2,17,19,8,13,18,21,3,12,4,6,16,7
1522,17,6,13,16,1,3,7,9,11,10,18,8,15,20,4,12,21,2,14,5,19
1523,17,3,14,5,19,18,16,13,21,15,9,12,11,2,10,7,1,8,20,6,4
1524,7,12,11,20,15,3,18,16,1,21,8,14,13,9,5,19,17,6,10,2,4
1525,19,20,4,14,17,10,13,11,16,9,2,12,5,6,1,21,8,18,15,3,7
1526,2,4,13,5,12,1,18,10,20,14,6,9,16,15,17,21,3,19,7,8,11
1527,13,4,10,15,11,9,16,3,5,21,17,19,7,8,6,20,12,1,2,14,18
1528,20,14,15,9,2,4,21,19,13,7,6,10,17,1,12,8,3,16,5,18,11
1529,19,12,2,6,4,13,5,10,9,11,21,14,8,3,7,18,15,17,1,16,20
1530,2,10,15,20,5,9,7,6,18,8,14,12,4,1,3,21,13,16,19,11,17
1531,20,17,13,6,3,11,14,4,21,12,5,15,9,19,7,2,16,18,1,10,8
1532,4,18,15,11,3,5,6,1,19,14,12,17,2,8,7,20,21,9,10,16,13
1533,4,8,20,16,18,6,15,17,14,2,3,9,19,13,10,11,21,12,7,5,1
1534,19,3,10,4,5,13,9,18,15,16,20,7,17,8,1,11,12,14,6,21,2
1535,20,4,13,10,19,7,15,9,8,11,14,17,16,5,1,3,18,12,6,2,21
1536,2,6,9,12,1,10,21,11,7,19,14,8,17,16,20,18,15,5,3,13,4
1537,14,7,17,13,6,12,11,16,21,9,4,3,19,5,15,2,1,10,8,20,18
1538,10,6,13,16,12,8,17,1,15,14,4,11,5,9,7,21,19,2,18,20,3
1539,19,21,15,14,10,1,13,2,8,20,3,16,4,11,12,18,17,7,6,9,5
1540,16,12,8,20,9,14,2,19,7,4,6,18,5,13,11,10,21,17,3,1,15
1541,14,19,9,3,11,18,16,1,20,15,13,4,12,10,7,17,5,21,6,2,8
1542,14,3,6,17,19,7,20,4,12,16,18,2,11,10,9,21,15,5,8,1,13
1543,16,21,11,17,13,5,14,3,10,4,8,18,19,9,15,20,2,12,6,7,1
1544,16,7,21,18,2,19,8,17,13,6,1,15,20,5,14,12,11,3,4,9,10
1545,19,7,4,20,9,12,2,17,13,6,8,11,18,16,15,10,14,1,21,3,5
1546,16,1,20,9,17,4,13,2,12,15,19,21,7,10,11,18,14,8,3,6,5
1547,8,9,21,2,16,3,14,4,10,1,13,12,15,6,19,5,20,7,17,11,18
1548,7,13,12,20,16,17,10,11,18,9,8,14,15,21,6,19,2,4,3,1,5
1549,6,20,15,5,4,2,7,8,16,11,21,12,9,10,13,18,19,1,14,3,17
1550,20,10,17,12,13,7,11,14,8,18,21,6,16,3,2,4,5,15,19,9,1
1551,8,3,2,4,16,12,17,1,14,11,10,20,5,13,6,15,9,7,21,19,18
1552,6,19,9,12,14,7,13,21,8,15,5,11,4,1,20,17,18,16,10,2,3
1553,17,19,6,21,5,1,13,18,14,20,12,7,8,9,11,2,16,3,10,15,4
1554,10,16,19,11,4,14,8,17,18,3,2,9,6,1,7,20,13,21,12,15,5
1555,15,21,2,12,6,3,8,1,19,11,16,14,10,9,17,4,7,20,5,13,18
1556,20,11,21,6,12,3,10,16,13,7,5,9,15,17,19,14,18,1,8,2,4
1557,11,16,20,8,7,15,13,3,5,9,6,4,17,12,19,14,1,10,21,2,18
1558,13,14,3,9,21,16,5,1,11,20,10,6,4,19,8,17,7,15,18,2,12
1559,14,21,7,17,18,9,4,16,8,15,2,11,3,13,10,6,20,19,5,12,1
1560,11,10,18,19,16,21,6,7,13,9,2,12,3,8,5,17,15,20,4,14,1
1561,9,5,20,6,12,3,14,11,18,1,2,16,19,13,15,17,8,10,4,7,21
1562,18,21,10,9,14,2,17,5,7,15,20,4,12,1,3,19,16,11,13,8,6
1563,20,14,18,9,16,11,7,21,15,1,4,5,6,2,8,13,3,12,17,19,10
1564,12,3,8,9,14,19,10,13,2,11,15,16,4,18,6,17,20,21,1,7,5
1565,4,18,7,20,6,10,19,21,2,15,13,3,8,1,17,16,12,11,14,5,9
1566,20,17,12,14,11,3,16,6,2,4,5,10,9,7,18,8,1,21,13,15,19
1567,16,11,5,4,9,20,3,10,7,12,8,1,21,14,6,13,17,2,18,15,19
1568,12,11,14,7,18,17,16,15,20,13,19,4,3,8,1,5,9,21,10,2,6
1569,13,20,17,21,8,19,18,1,9,5,6,11,16,15,3,10,2,12,4,14,7
1570,18,17,8,15,7,16,12,21,13,3,9,14,6,1,2,4,19,20,5,10,11
1571,18,7,11,14,8,12,13,6,9,2,5,1,21,16,17,19,4,20,3,10,15
1572,21,15,8,19,18,4,3,5,6,14,20,11,16,2,9,13,17,1,10,12,7
1573,5,15,1,9,8,19,21,7,17,14,6,18,20,12,11,13,10,16,3,2,4
1574,9,15,19,1,16,14,10,2,6,7,21,12,4,11,20,5,17,8,13,3,18
1575,14,8,5,12,17,2,9,21,6,15,11,19,20,7,1,16,10,4,18,13,3
1576,20,13,15,21,11,1,3,5,7,9,14,17,6,18,16,8,10,19,2,4,12
1577,9,12,10,16,8,14,7,5,2,6,18,20,21,15,13,4,3,11,19,1,17
1578,13,10,18,2,1,17,21,20,14,5,11,8,3,4,9,16,12,7,15,19,6
1579,1,8,4,21,14,11,5,7,3,18,20,13,19,15,16,6,17,10,9,2,12
1580,8,6,10,9,21,13,16,12,7,18,11,20,4,17,1,15,2,5,3,14,19
1581,15,13,10,5,21,16,14,9,11,4,3,1,8,18,20,19,2,7,17,6,12
1582,10,4,2,6,9,16,1,20,7,19,12,3,13,18,14,21,15,8,11,17,5
1583,13,7,5,10,19,20,12,9,17,2,16,18,3,14,6,4,11,15,8,1,21
1584,11,2,4,3,5,16,9,1,21,12,17,20,6,10,18,14,7,15,19,13,8
1585,7,18,2,15,12,14,19,5,4,3,16,10,9,13,6,17,8,21,11,1,20
1586,2,10,8,18,17,21,13,20,14,6,15,5,11,16,19,1,12,4,7,3,9
1587,3,20,19,9,17,11,16,7,2,4,15,12,1,10,18,6,13,8,14,5,21
1588,11,21,2,6,5,4,3,1,8,17,20,12,19,10,7,14,15,16,18,13,9
1589,21,1,20,16,5,9,2,15,17,18,13,14,7,8,3,19,4,11,12,10,6
1590,18,6,21,3,17,19,12,16,4,5,8,2,14,7,10,20,9,1,13,15,11
1591,19,6,18,4,20,14,21,17,3,13,16,8,2,5,9,11,15,12,1,7,10
1592,21,12,5,13,1,7,18,10,14,17,11,16,9,15,3,6,4,8,20,2,19
1593,4,2,18,19,12,5,10,15,11,6,9,14,16,8,21,7,3,1,13,20,17
1594,16,20,15,13,10,14,12,3,5,8,2,6,18,7,4,9,19,11,1,17,21
1595,7,11,8,9,21,13,6,5,17,16,2,14,18,19,3,1,20,15,10,4,12
1596,4,11,20,2,6,21,1,9,8,18,17,7,16,5,3,13,14,19,12,15,10
1597,4,3,11,15,12,8,14,5,2,10,19,1,7,21,13,6,16,20,9,18,17
1598,16,9,10,13,17,12,3,21,18,1,19,2,8,15,14,11,20,6,7,4,5
1599,4,16,13,17,12,15,20,2,8,21,9,18,11,7,3,14,19,1,10,5,6
1600,11,14,9,12,18,16,3,7,4,21,8,1,13,2,10,17,5,20,6,15,19
1601,7,20,6,9,3,4,17,15,10,12,21,5,19,16,11,8,2,1,14,18,13
1602,12,7,18,16,13,3,6,15,5,10,11,1,8,4,2,19,17,14,9,20,21
1603,20,8,13,6,10,7,5,15,19,21,4,18,11,3,2,14,1,12,9,16,17
1604,8,19,20,2,13,12,9,3,5,14,10,4,21,17,16,6,11,18,15,7,1
1605,3,2,12,18,8,11,13,9,15,20,10,21,19,4,5,17,16,6,14,7,1
1606,8,10,5,1,9,6,3,12,19,11,21,2,17,20,4,18,13,15,7,14,16
1607,5,1,9,4,16,20,10,2,19,12,7,11,18,6,3,17,8,13,14,21,15
1608,6,19,10,1,13,14,4,16,17,2,5,11,15,21,9,7,3,8,20,18,12
1609,17,21,6,14,8,4,1,9,10,20,16,19,15,12,2,13,5,7,18,3,11
1610,10,14,19,20,17,15,4,7,13,18,3,6,8,5,9,16,12,11,1,2,21
1611,19,20,8,16,4,1,11,3,18,6,15,12,21,9,17,10,13,5,14,7,2
1612,16,10,12,14,8,9,1,3,18,13,21,5,11,6,2,19,20,17,7,15,4
1613,2,17,3,10,7,21,5,6,13,9,15,12,16,1,14,11,8,19,20,18,4
1614,4,15,2,18,10,1,6,19,3,7,9,14,17,11,5,16,13,8,21,12,20
1615,12,16,2,7,11,13,6,14,17,3,20,21,5,19,10,9,15,4,1,8,18
1616,18,15,8,21,20,9,14,3,5,10,4,12,16,6,7,17,1,11,2,13,19
1617,15,18,17,6,12,19,5,1,11,7,8,10,4,3,2,9,14,16,21,20,13
1618,19,14,17,20,3,1,21,2,4,12,15,8,13,9,6,16,5,10,7,11,18
1619,5,12,15,9,16,7,2,10,11,1,13,20,3,19,8,4,21,6,14,17,18
1620,1,8,19,3,11,10,15,7,6,2,12,9,17,21,14,20,18,5,13,4,16
1621,7,15,13,17,20,5,12,18,16,1,10,4,9,8,3,21,11,14,6,19,2
1622,9,5,7,8,14,18,20,19,15,13,6,12,16,4,2,17,21,10,1,3,11
1623,9,20,4,1,18,5,19,12,17,3,10,21,14,6,13,15,11,8,2,7,16
1624,12,8,16,11,17,13,21,1,6,10,7,2,18,14,5,15,4,20,3,19,9
1625,10,20,8,6,14,5,13,21,3,1,7,2,17,4,16,15,18,19,12,9,11
1626,5,9,4,19,16,11,13,12,14,6,3,15,1,8,21,2,20,7,18,17,10
1627,3,4,14,18,7,2,8,5,21,1,6,9,12,11,10,15,16,17,19,20,13
1628,16,19,2,14,18,13,7,21,12,10,11,4,5,20,9,6,17,3,8,1,15
1629,11,17,14,8,2,18,1,15,19,20,16,6,12,7,5,10,21,4,13,9,3
1630,19,13,9,1,11,3,21,18,7,5,8,6,16,15,4,2,12,14,17,20,10
1631,14,9,4,16,6,1,19,5,21,17,8,10,7,18,12,3,15,11,20,13,2
1632,16,13,6,10,7,8,1,21,14,18,11,17,12,2,15,5,3,9,4,20,19
1633,6,19,8,2,4,1,7,20,9,21,11,16,12,18,5,15,13,10,14,17,3
1634,21,3,2,8,10,16,17,18,20,6,14,11,13,19,15,7,1,9,5,12,4
1635,8,1,5,7,3,10,11,4,13,9,14,19,2,17,16,21,15,12,6,20,18
1636,3,4,18,13,12,14,16,2,19,9,6,1,15,11,21,8,5,17,7,10,20
1637,9,13,21,15,8,2,3,20,11,1,7,14,19,17,16,4,12,5,10,6,18
1638,3,9,16,17,11,21,18,15,2,12,14,4,6,19,13,1,7,5,8,20,10
1639,19,13,4,6,15,3,8,5,16,20,21,7,18,12,9,10,2,1,11,14,17
1640,8,2,3,9,16,13,12,17,7,14,6,18,19,20,11,5,10,15,4,1,21
1641,8,5,14,7,11,9,15,12,18,17,10,20,6,21,19,13,3,2,1,16,4
1642,11,21,9,10,12,2,7,16,4,13,3,19,17,6,5,8,1,14,20,15,18
1643,4,15,11,16,18,13,6,17,8,9,12,21,14,5,2,20,3,10,19,1,7
1644,15,16,14,8,6,1,3,18,12,5,11,21,20,19,13,10,4,17,9,2,7
1645,7,1,13,20,9,3,11,4,8,15,16,14,21,10,17,6,18,19,5,2,12
1646,21,7,6,10,2,3,12,13,16,4,17,19,11,20,14,15,8,1,5,9,18
1647,10,20,5,1,2,6,4,14,3,13,18,17,12,16,21,11,19,15,7,9,8
1648,16,15,1,9,20,6,10,19,3,2,11,12,5,7,18,14,8,17,13,4,21
1649,19,3,12,10,2,15,1,13,18,5,21,9,6,17,7,4,16,14,8,11,20
1650,7,18,11,9,13,2,4,15,17,10,3,19,5,1,6,14,21,16,12,20,8
1651,4,1,10,3,6,17,8,9,13,14,5,21,12,20,16,7,11,18,19,2,15
1652,11,1,5,16,7,14,8,21,17,4,3,2,9,18,15,6,12,13,19,20,10
1653,2,5,15,14,18,17,8,19,16,6,12,20,4,10,11,1,7,13,9,3,21
1654,13,12,15,18,14,17,6,20,11,2,19,8,7,4,10,3,9,16,5,21,1
1655,7,5,13,4,16,1,2,17,11,8,14,18,15,21,20,10,12,3,6,19,9
1656,7,9,10,5,13,8,20,4,17,18,19,12,21,2,11,15,16,6,14,3,1
1657,17,10,12,19,1,4,14,21,15,7,16,11,13,8,5,2,6,20,3,18,9
1658,17,4,13,16,18,8,9,6,14,3,15,11,5,12,19,10,7,2,21,1,20
1659,18,12,10,1,3,17,13,4,16,15,21,11,14,9,20,5,2,6,19,7,8
1660,4,17,7,21,8,10,15,2,13,11,19,16,6,3,20,14,9,5,12,1,18
1661,4,16,11,9,8,7,18,19,21,10,20,13,17,3,15,14,5,2,6,1,12
1662,6,7,12,19,13,15,11,20,8,2,1,3,14,16,21,5,17,10,4,18,9
1663,20,16,18,4,14,7,3,19,8,9,13,11,2,5,17,15,10,21,1,12,6
1664,4,13,12,1,14,11,2,19,18,8,16,7,21,15,9,20,17,6,10,3,5
1665,7,12,3,9,21,11,2,20,15,8,19,16,4,14,6,5,18,10,1,13,17
1666,21,19,18,3,7,13,5,17,12,16,20,11,10,9,2,14,6,1,4,15,8
1667,13,11,5,20,9,2,4,15,3,12,14,8,21,16,17,1,10,6,7,18,19
1668,21,1,17,7,5,16,12,10,3,9,20,18,19,14,2,11,13,8,4,6,15
1669,20,8,2,10,7,19,16,15,21,5,13,18,14,1,9,17,11,4,6,3,12
1670,5,9,16,13,6,20,17,8,19,18,2,1,7,10,21,15,4,12,11,3,14
1671,11,21,1,6,5,9,10,20,7,16,15,8,17,19,2,18,4,12,13,3,14
1672,9,15,20,2,11,8,3,19,16,13,14,4,12,18,17,1,7,21,5,10,6
1673,5,11,16,14,10,21,3,18,2,9,8,1,7,4,6,15,19,20,17,13,12
1674,21,19,2,14,8,1,6,7,11,17,12,10,18,16,9,3,4,15,5,13,20
1675,3,15,8,7,4,14,5,11,9,16,10,2,6,19,13,12,21,18,17,1,20
1676,4,21,18,8,6,3,20,14,10,13,15,5,17,1,19,11,9,2,7,16,12
1677,3,4,1,2,6,17,21,16,15,14,19,18,20,5,9,11,13,12,10,8,7
1678,10,4,11,21,8,12,1,19,2,13,3,16,18,14,15,9,7,6,17,20,5
1679,12,2,21,3,14,8,15,4,19,20,1,13,10,11,9,6,7,18,5,16,17
1680,10,17,9,20,14,15,19,2,6,21,5,18,4,3,13,8,7,12,11,1,16
1681,3,5,13,8,21,18,16,19,11,9,6,14,7,4,15,1,20,12,2,17,10
1682,15,3,17,2,13,8,6,14,18,16,5,20,1,12,9,10,19,21,7,4,11
1683,19,18,15,11,3,2,4,10,20,9,17,1,21,8,16,7,14,5,12,6,13
1684,10,9,4,12,21,18,20,8,11,7,13,17,16,15,19,2,1,6,3,14,5
1685,7,2,15,19,12,14,10,6,9,5,11,8,16,20,18,21,17,1,4,13,3
1686,7,17,8,15,10,2,4,20,13,21,18,11,16,6,12,19,14,1,3,9,5
1687,1,19,10,12,17,3,14,8,15,2,5,21,9,4,16,6,20,11,13,18,7
1688,13,1,15,19,9,12,16,20,11,18,5,8,7,3,4,10,6,17,14,2,21
1689,7,17,21,19,3,13,12,4,1,14,15,11,6,10,8,18,20,9,16,5,2
1690,1,6,2,13,11,16,20,15,17,18,7,10,14,12,4,5,21,8,3,9,19
1691,18,13,16,17,6,11,14,7,1,21,15,12,8,20,9,2,5,3,10,4,19
1692,7,2,3,4,15,13,8,20,19,5,11,9,6,12,21,18,1,10,16,14,17
1693,15,2,16,3,7,19,9,6,14,1,10,20,12,13,21,18,11,17,8,4,5
1694,13,6,8,11,14,10,4,20,15,3,16,17,12,21,18,19,5,1,9,2,7
1695,3,19,12,2,15,9,21,6,18,13,14,1,17,11,5,16,4,7,8,20,10
1696,1,4,3,16,8,17,10,6,11,7,19,18,2,5,21,9,14,15,12,20,13
1697,17,19,6,14,7,5,20,9,1,10,18,2,11,15,16,13,21,8,3,12,4
1698,15,17,1,20,18,19,6,13,21,11,5,8,14,4,2,12,9,10,3,7,16
1699,12,18,10,5,14,9,7,21,4,13,6,11,20,16,19,3,15,2,8,17,1
1700,19,5,6,13,14,15,10,12,9,3,4,11,16,17,20,18,7,21,1,2,8
1701,15,10,20,16,13,1,5,14,17,8,7,11,3,9,21,19,2,18,6,4,12
1702,2,15,3,7,19,16,10,17,14,1,13,9,21,11,4,8,18,6,20,5,12
1703,20,8,21,13,11,4,1,15,6,9,14,2,3,12,18,16,7,19,5,10,17
1704,16,20,10,1,8,5,7,15,11,3,9,12,18,21,17,14,19,13,2,4,6
1705,13,1,8,5,7,4,14,19,11,15,16,20,21,6,2,18,10,9,3,17,12
1706,21,12,6,9,2,19,15,11,8,14,18,1,13,5,17,20,16,3,10,7,4
1707,2,3,17,13,10,9,4,1,16,11,8,14,7,15,20,18,21,19,12,6,5
1708,17,21,12,18,6,1,4,3,16,15,2,11,5,7,13,8,10,14,9,19,20
1709,2,14,5,9,4,1,13,17,7,3,15,6,12,10,19,11,18,20,16,21,8
1710,2,11,3,9,21,1,8,14,15,17,5,12,20,13,16,10,19,18,7,6,4
1711,1,19,12,10,5,15,11,6,2,7,3,14,13,17,21,18,9,20,16,4,8
1712,12,8,4,21,15,18,20,13,1,10,2,7,3,14,6,16,11,9,5,19,17
1713,20,9,14,16,8,13,2,15,10,18,12,5,3,7,21,6,1,4,11,19,17
1714,19,9,20,1,13,6,5,10,12,8,7,15,14,17,21,18,11,4,3,16,2
1715,10,13,20,2,12,19,9,4,5,1,7,21,6,14,8,11,18,15,16,17,3
1716,11,14,5,18,1,17,8,12,19,16,20,21,10,3,9,6,2,15,4,13,7
1717,10,4,7,11,13,3,12,20,15,19,5,9,1,21,8,17,16,18,14,6,2
1718,17,8,2,15,7,6,16,3,12,13,18,11,9,1,14,5,10,19,21,20,4
1719,4,17,15,6,21,14,8,18,19,11,10,9,20,1,7,2,12,5,16,3,13
1720,9,4,17,3,2,10,1,12,13,5,11,19,14,21,15,16,18,6,7,8,20
1721,13,16,7,12,6,21,9,15,19,8,20,4,1,17,11,14,5,18,3,10,2
1722,3,17,18,5,8,11,7,1,21,14,12,6,20,15,19,9,4,16,2,10,13
1723,14,11,4,2,8,7,20,15,12,3,10,5,16,1,9,18,13,21,19,6,17
1724,5,13,16,15,3,20,17,6,4,8,2,18,19,7,9,12,10,1,14,21,11
1725,21,18,3,17,12,2,4,6,5,9,19,1,10,20,8,13,15,11,14,16,7
1726,5,3,18,21,20,14,6,7,15,11,19,4,12,13,16,9,8,1,2,17,10
1727,10,4,6,18,1,5,2,8,21,3,7,9,15,14,12,13,19,20,11,17,16
1728,6,7,20,14,21,8,19,17,15,5,2,18,12,10,1,13,4,16,11,9,3
1729,12,18,10,5,15,17,21,2,14,1,20,8,11,3,6,19,7,16,4,13,9
1730,11,3,19,16,4,13,9,15,7,21,12,1,6,2,5,8,20,10,18,17,14
1731,20,5,18,2,17,14,3,16,4,1,6,9,15,12,13,19,7,11,8,10,21
1732,16,18,8,10,17,11,5,9,3,19,7,4,1,12,6,15,2,20,21,13,14
1733,4,9,19,3,15,1,2,21,14,6,12,8,17,13,16,5,20,7,11,10,18
1734,12,15,14,20,16,21,3,10,9,11,6,18,13,2,8,1,5,4,7,19,17
1735,2,8,18,7,19,1,4,9,3,21,16,11,10,13,5,12,6,17,20,14,15
1736,9,11,14,16,21,15,12,6,13,17,18,8,4,3,19,20,1,10,2,5,7
1737,20,9,4,7,6,19,13,21,11,3,14,17,1,12,8,5,18,10,16,15,2
1738,10,3,15,21,20,7,8,9,17,13,19,18,14,1,6,4,12,2,11,5,16
1739,8,18,4,17,7,11,1,3,5,9,21,13,19,14,6,2,10,20,12,15,16
1740,2,10,19,4,11,13,3,6,20,1,12,14,9,7,17,21,16,8,18,15,5
1741,7,3,21,20,15,16,5,17,19,2,8,11,18,12,9,6,13,1,4,10,14
1742,14,4,7,15,10,8,1,21,2,11,12,20,18,13,19,9,5,6,3,16,17
1743,3,7,11,5,1,6,2,8,13,17,20,10,9,4,21,19,14,16,12,18,15
1744,6,18,7,8,11,17,15,20,16,3,4,21,14,1,13,12,5,9,2,19,10
1745,20,2,21,12,13,14,19,18,9,5,8,6,3,10,16,11,15,7,4,1,17
1746,2,12,5,13,20,10,18,11,16,17,21,6,15,1,19,4,14,9,7,8,3
1747,21,15,19,2,8,14,11,1,16,10,3,7,17,5,6,4,9,13,20,12,18
1748,16,4,1,3,20,11,5,18,19,10,6,9,14,12,17,8,7,13,21,15,2
1749,19,3,5,21,12,10,15,1,13,7,2,6,9,18,4,20,11,14,17,16,8
1750,5,12,18,2,20,17,10,14,8,19,9,16,3,15,7,1,13,21,4,11,6
1751,4,21,12,6,18,11,3,10,16,20,9,1,14,8,2,19,7,13,15,5,17
1752,10,17,3,20,13,1,8,6,7,15,21,9,5,16,4,19,14,11,12,18,2
1753,7,20,17,10,14,19,11,6,4,1,3,18,21,15,16,12,5,8,13,9,2
1754,15,4,12,1,18,5,2,16,11,9,19,3,14,8,7,17,6,10,20,21,13
1755,15,12,10,11,21,8,17,7,6,20,18,2,5,3,1,13,16,4,19,14,9
1756,14,19,1,2,20,10,12,15,8,16,3,5,11,21,13,18,7,17,9,6,4
1757,5,19,8,14,1,7,17,15,3,16,11,6,9,21,2,12,4,18,13,20,10
1758,15,17,8,4,13,3,14,9,12,2,5,18,7,20,19,21,10,1,6,16,11
1759,2,17,20,5,18,9,6,21,8,3,14,16,13,7,19,15,4,1,10,12,11
1760,7,6,9,16,4,15,11,3,10,19,2,1,17,13,21,20,5,14,8,12,18
1761,10,8,15,3,11,12,4,17,14,13,20,16,9,5,19,7,6,1,2,21,18
1762,2,6,10,1,9,11,5,7,15,3,13,19,12,16,4,8,21,18,20,17,14
1763,11,18,5,16,19,9,14,13,3,7,17,6,8,4,10,2,20,15,21,1,12
1764,11,16,14,7,12,9,5,17,21,19,1,8,10,18,15,20,4,2,6,3,13
1765,9,16,13,4,21,18,11,14,20,6,8,19,5,15,3,2,17,1,10,7,12
1766,15,18,19,6,14,4,8,5,17,11,3,12,10,9,16,21,13,7,1,2,20
1767,16,12,18,14,19,3,13,9,2,5,20,8,4,15,1,6,17,11,21,10,7
1768,18,7,1,21,11,19,13,16,8,6,17,4,14,10,5,2,3,12,15,9,20
1769,1,11,8,3,2,15,4,13,9,6,12,16,17,18,10,20,14,7,19,5,21
1770,2,14,8,4,21,19,5,16,1,15,13,6,20,18,3,7,10,11,12,9,17
1771,16,10,5,7,11,8,12,9,13,17,15,1,4,3,14,6,2,20,21,18,19
1772,8,2,6,18,1,20,7,17,16,10,4,13,9,15,5,14,19,3,21,12,11
1773,3,14,6,13,11,9,16,2,5,18,19,17,8,21,1,12,15,10,4,7,20
1774,1,10,17,5,20,21,11,19,9,18,13,4,12,16,7,3,15,6,8,2,14
1775,5,17,21,8,13,19,9,16,12,14,3,2,10,18,7,6,15,20,1,4,11
1776,11,5,19,4,14,15,7,17,16,20,2,13,10,9,8,6,1,18,21,12,3
1777,6,7,12,2,5,15,10,20,11,8,4,17,21,3,13,18,9,19,16,14,1
1778,9,5,20,13,14,1,15,11,16,4,8,12,21,3,10,6,17,19,2,18,7
1779,16,12,20,18,2,15,17,5,7,9,6,13,21,14,3,4,11,1,10,8,19
1780,4,18,17,14,13,8,21,19,16,3,12,20,2,5,9,11,7,1,10,6,15
1781,7,13,12,8,3,17,15,21,19,2,4,20,9,16,6,5,10,1,14,18,11
1782,3,15,17,16,13,14,11,21,5,20,7,9,10,8,1,2,18,4,19,6,12
1783,20,16,15,7,17,9,4,1,19,2,6,5,18,12,13,8,10,21,14,11,3
1784,12,2,5,4,18,15,13,1,16,6,19,17,20,11,10,3,7,14,21,9,8
1785,15,1,2,19,18,12,17,7,6,11,4,21,10,20,13,5,9,3,14,16,8
1786,7,9,20,12,4,13,8,17,16,21,11,2,3,19,14,10,5,1,18,6,15
1787,4,17,6,10,14,7,12,1,2,9,3,19,18,5,21,11,13,20,15,16,8
1788,17,7,2,14,15,19,4,1,20,10,9,18,13,11,6,3,21,12,16,8,5
1789,2,14,5,15,7,20,11,16,13,17,4,21,3,18,12,19,6,9,10,1,8
1790,17,12,8,9,6,2,11,13,19,20,18,5,14,10,15,7,21,1,3,4,16
1791,4,20,6,12,10,17,8,18,15,13,5,14,2,9,1,16,7,21,11,19,3
1792,2,13,12,11,3,9,21,19,8,17,7,14,4,15,10,16,18,20,1,6,5
1793,19,1,21,18,15,14,6,4,17,11,12,10,7,5,20,16,13,3,2,9,8
1794,3,17,21,13,5,8,2,16,1,20,19,7,4,15,9,10,14,18,11,12,6
1795,12,8,19,16,7,5,3,11,15,2,9,21,17,1,13,10,4,20,14,6,18
1796,11,7,8,16,3,14,15,12,2,10,9,20,18,21,4,6,1,17,19,13,5
1797,6,5,1,10,12,9,14,19,3,15,2,21,18,11,7,16,20,17,13,8,4
1798,14,4,13,10,1,5,16,6,12,15,19,20,21,3,17,11,18,9,7,2,8
1799,4,15,5,17,7,18,11,2,12,14,6,20,21,13,3,8,10,1,19,9,16
1800,2,17,20,6,1,14,18,4,16,15,3,7,13,9,19,10,8,21,5,11,12
1801,11,13,2,17,19,6,7,15,4,1,16,20,14,18,12,8,3,9,21,5,10
1802,10,3,16,5,19,12,6,13,17,4,18,15,9,7,20,8,21,1,11,14,2
1803,4,13,3,16,10,6,19,17,7,5,14,12,2,9,20,15,18,21,1,11,8
1804,4,20,7,6,11,21,9,14,15,19,3,5,8,18,16,17,10,12,1,2,13
1805,1,11,12,9,18,19,20,2,14,13,5,4,16,7,17,21,15,10,3,6,8
1806,2,10,20,4,14,15,18,12,8,13,19,9,5,3,7,11,16,17,6,1,21
1807,5,14,1,2,20,7,8,21,16,18,10,17,11,19,13,4,3,6,9,15,12
1808,20,2,11,9,17,19,4,21,15,18,12,16,5,1,14,13,3,8,6,10,7
1809,4,16,1,14,13,2,12,8,3,9,19,21,10,18,17,15,7,6,11,5,20
1810,15,1,14,6,16,7,19,18,4,11,21,8,20,2,10,13,9,3,5,17,12
1811,5,8,1,3,4,17,18,15,9,6,16,13,20,7,11,12,19,2,21,14,10
1812,6,4,21,15,12,9,18,17,10,2,3,14,16,1,5,11,19,8,7,13,20
1813,7,8,1,21,19,4,11,16,9,5,15,2,20,10,3,17,14,13,6,18,12
1814,10,3,1,6,14,13,16,11,7,18,17,9,15,8,19,4,2,21,12,5,20
1815,11,5,1,2,17,16,20,13,18,14,19,8,15,4,21,3,9,10,7,6,12
1816,15,17,16,5,18,2,19,13,20,4,7,9,11,3,21,14,8,12,10,6,1
1817,9,6,19,8,5,10,20,21,4,12,18,7,11,14,16,2,13,17,15,1,3
1818,7,16,14,6,17,20,4,21,1,19,2,5,11,12,3,15,10,8,9,18,13
1819,4,11,17,2,18,14,1,20,10,12,3,8,21,16,9,13,15,5,19,6,7
1820,3,14,5,16,8,18,6,19,7,21,1,17,10,9,2,20,13,11,15,4,12
1821,19,3,13,6,10,1,5,18,8,9,21,14,2,7,11,15,20,16,4,17,12
1822,6,2,10,13,4,11,21,17,3,5,12,16,1,18,19,20,15,9,7,14,8
1823,18,12,14,10,16,5,6,15,4,17,2,13,7,11,8,1,3,20,9,19,21
1824,14,3,8,1,9,6,4,13,2,19,7,18,10,17,15,20,11,12,16,5,21
1825,20,13,16,21,18,10,3,1,8,14,5,11,6,12,19,4,9,7,17,15,2
1826,16,4,13,1,18,12,2,19,6,5,8,7,9,11,14,15,3,10,20,17,21
1827,2,6,7,9,15,16,14,13,18,5,20,4,3,8,21,12,1,17,10,19,11
1828,3,17,13,20,12,21,10,19,9,6,1,7,8,14,5,4,2,15,11,18,16
1829,12,21,2,4,5,6,13,14,20,18,10,7,8,9,15,16,19,17,11,3,1
1830,12,8,6,3,1,15,19,5,21,7,10,14,18,13,17,9,20,2,11,16,4
1831,18,6,21,9,20,1,7,12,4,16,3,10,8,13,19,14,17,11,2,15,5
1832,5,8,2,6,3,14,16,13,15,20,7,19,18,10,17,12,9,21,11,4,1
1833,18,12,17,3,9,2,11,1,13,6,8,21,16,20,19,4,7,14,10,15,5
1834,1,2,9,18,20,8,4,5,19,7,3,13,16,6,15,14,12,10,17,11,21
1835,1,6,7,13,4,16,12,10,11,21,3,19,20,15,17,2,5,8,18,14,9
1836,13,10,20,5,16,15,17,7,11,14,12,19,9,3,2,1,21,18,8,4,6
1837,4,18,3,16,10,19,14,6,21,17,12,1,5,2,11,20,7,13,9,8,15
1838,3,11,17,8,18,10,13,5,20,15,16,6,19,4,1,7,14,9,2,21,12
1839,1,7,12,16,4,3,8,2,6,13,20,21,10,11,5,19,18,15,17,9,14
1840,12,6,8,20,10,19,17,11,15,18,4,21,9,13,5,2,7,16,3,1,14
1841,18,21,11,8,9,15,13,5,4,3,7,1,14,12,10,17,20,16,19,2,6
1842,8,18,19,14,3,9,7,5,12,16,2,11,1,21,10,20,17,6,15,4,13
1843,2,8,16,21,10,6,14,12,5,17,9,20,1,19,18,7,4,3,15,13,11
1844,4,10,16,8,2,15,21,18,7,14,20,12,19,5,11,9,3,17,1,13,6
1845,18,10,13,14,3,4,16,21,11,19,5,9,20,6,1,15,2,12,17,7,8
1846,11,12,16,20,7,2,13,5,14,18,15,3,9,6,8,10,1,19,4,21,17
1847,7,14,4,13,18,3,16,6,2,11,1,17,8,5,19,9,21,20,15,12,10
1848,6,13,4,16,10,15,19,14,21,20,3,2,17,12,1,9,7,11,18,8,5
1849,15,17,18,10,16,3,9,7,4,8,2,6,1,12,13,20,19,11,5,21,14
1850,19,4,20,1,9,2,14,11,10,12,15,7,6,13,21,17,16,18,3,5,8
1851,9,16,21,18,1,12,2,5,11,3,6,14,7,20,15,19,4,8,10,13,17
1852,9,14,3,10,1,2,12,18,19,16,13,8,4,21,15,6,17,7,11,20,5
1853,1,10,14,20,17,11,3,15,4,13,16,6,19,12,18,7,9,2,8,5,21
1854,1,9,14,12,16,8,19,21,13,11,3,7,17,15,20,10,4,5,18,2,6
1855,21,11,2,14,10,19,20,17,16,18,3,12,13,7,6,15,8,1,5,4,9
1856,18,15,8,12,6,19,3,7,14,20,2,16,4,10,5,13,11,21,17,1,9
1857,7,9,13,19,6,16,17,3,11,20,10,4,1,14,12,2,5,21,18,8,15
1858,6,16,18,17,10,1,14,11,9,20,19,8,21,7,12,4,13,3,5,2,15
1859,12,13,6,15,9,5,11,8,19,2,3,14,17,16,4,20,21,1,18,7,10
1860,18,8,7,6,20,5,21,1,11,10,2,16,14,17,4,13,19,9,3,12,15
1861,2,14,1,6,8,5,7,18,20,19,21,15,13,4,3,9,12,16,11,10,17
1862,3,19,8,9,17,10,18,15,14,11,6,12,5,7,16,1,13,2,21,4,20
1863,2,21,11,14,12,6,1,16,5,15,13,7,10,3,20,4,9,8,19,17,18
1864,12,11,13,17,10,16,6,2,5,14,3,19,20,1,4,15,21,8,7,9,18
1865,1,12,18,21,14,20,13,8,10,19,4,15,11,2,17,5,6,16,3,7,9
1866,9,18,20,17,14,3,16,11,21,8,4,6,10,2,15,5,12,13,1,7,19
1867,4,21,14,19,16,15,6,11,12,9,1,17,10,7,3,20,5,2,13,18,8
1868,19,6,17,7,20,9,5,15,3,1,14,2,4,21,11,10,12,16,18,13,8
1869,12,18,19,4,9,7,11,14,8,5,6,15,2,16,1,20,21,17,13,10,3
1870,15,11,5,19,18,16,21,12,20,10,3,8,13,1,17,14,7,2,9,4,6
1871,1,5,21,12,7,17,15,2,4,13,6,8,3,20,19,11,18,9,14,16,10
1872,15,21,8,18,12,2,17,11,5,9,1,16,7,3,19,14,10,20,13,6,4
1873,16,15,7,5,2,1,10,3,6,11,14,13,18,17,19,12,9,8,21,4,20
1874,15,10,17,18,8,5,6,13,2,7,4,12,21,3,1,11,20,9,14,19,16
1875,17,12,13,10,18,20,2,4,19,5,8,16,21,11,15,3,1,7,9,6,14
1876,12,16,7,8,18,4,20,15,5,9,3,21,14,10,19,2,13,11,6,17,1
1877,2,1,13,3,10,20,4,14,7,15,6,19,17,5,12,16,9,8,21,18,11
1878,18,10,19,21,12,5,8,4,3,11,7,17,6,16,13,15,14,2,9,20,1
1879,16,13,5,3,4,6,9,7,21,2,1,17,8,14,19,11,18,10,15,12,20
1880,21,6,1,14,8,11,10,9,2,5,7,4,13,17,16,3,15,20,18,19,12
1881,3,15,21,16,1,9,20,7,12,17,5,14,10,6,19,4,2,13,18,8,11
1882,18,7,6,12,2,5,8,13,14,3,9,4,20,21,17,16,19,1,10,11,15
1883,3,10,11,15,12,18,5,21,20,16,7,9,6,13,4,8,19,17,14,1,2
1884,19,6,15,21,13,2,8,4,10,18,5,7,16,1,9,11,12,3,14,20,17
1885,17,8,20,15,18,3,6,11,9,7,14,1,12,4,19,16,2,5,13,21,10
1886,15,4,12,9,18,11,19,1,16,10,17,3,2,20,6,21,8,5,14,7,13
1887,1,7,10,12,11,13,18,20,16,14,15,21,4,9,2,5,6,19,8,17,3
1888,7,13,12,20,3,6,9,5,11,18,14,8,10,2,1,4,21,19,17,15,16
1889,17,6,2,9,15,1,16,5,4,13,7,10,8,19,11,14,3,21,12,18,20
1890,10,5,15,3,19,4,8,12,9,17,14,7,2,13,20,16,21,11,6,18,1
1891,10,16,20,8,19,13,14,15,18,9,4,12,7,1,5,17,11,3,2,21,6
1892,9,3,2,19,1,4,7,16,17,12,11,5,15,13,10,14,18,20,21,6,8
1893,5,14,4,20,13,3,7,9,8,1,2,18,10,16,21,15,19,11,17,12,6
1894,10,15,20,11,9,14,8,2,3,1,18,7,17,21,13,5,16,19,6,12,4
1895,16,19,8,7,11,13,9,10,4,15,14,5,2,12,21,6,3,1,18,20,17
1896,21,2,11,18,1,9,4,7,16,8,14,10,19,3,6,5,13,15,17,20,12
1897,14,13,18,1,6,15,21,19,12,3,4,16,9,2,8,20,10,7,11,17,5
1898,8,1,17,5,4,12,14,6,19,11,2,10,9,13,15,18,3,16,21,7,20
1899,3,6,16,17,2,4,18,19,13,14,7,11,12,1,21,10,9,20,15,8,5
1900,18,2,20,8,10,12,11,9,19,1,15,14,21,5,13,3,7,16,4,6,17
1901,2,16,15,6,19,7,14,12,21,1,3,20,5,11,13,4,10,8,18,17,9
1902,4,9,17,2,19,3,18,13,15,5,20,11,8,21,1,6,14,7,10,16,12
1903,10,8,2,7,4,17,3,21,19,15,6,16,12,13,20,9,14,18,11,1,5
1904,7,13,3,6,17,11,20,16,19,18,8,2,4,1,9,10,21,5,14,12,15
1905,15,1,5,17,2,7,11,20,13,9,16,21,8,3,18,6,10,4,14,12,19
1906,13,12,1,8,6,4,15,20,3,17,5,10,18,21,19,9,16,14,2,7,11
1907,8,7,14,2,9,10,13,17,1,21,16,4,15,5,6,11,12,20,18,19,3
1908,14,2,19,8,4,15,20,1,17,10,18,5,9,12,13,7,11,3,21,16,6
1909,4,15,17,1,7,6,11,21,5,3,16,9,2,19,14,12,18,13,8,20,10
1910,8,1,3,5,14,16,6,10,15,7,12,21,18,17,4,19,9,13,11,20,2
1911,2,18,14,20,10,7,1,15,17,16,19,8,11,12,6,13,21,5,3,9,4
1912,10,6,21,14,1,16,3,4,18,20,7,8,11,9,13,17,15,2,12,19,5
1913,3,11,9,15,2,1,6,10,7,13,21,8,18,16,14,17,19,4,12,20,5
1914,6,1,17,3,15,7,18,4,8,16,9,5,12,19,21,14,10,2,11,13,20
1915,1,2,11,8,18,17,13,12,15,7,14,10,21,6,20,3,9,4,5,19,16
1916,12,14,19,7,4,9,11,20,17,3,6,2,8,18,13,5,21,15,16,1,10
1917,11,12,19,4,10,3,20,2,17,5,14,16,21,9,18,8,1,13,15,6,7
1918,13,15,1,12,19,8,9,20,4,6,10,5,17,3,11,21,2,16,18,14,7
1919,1,14,10,20,11,3,17,12,6,8,16,19,5,4,18,15,13,7,21,9,2
1920,21,18,15,5,11,17,7,10,19,20,1,12,3,13,8,4,6,16,9,2,14
1921,20,12,21,19,18,15,14,17,2,10,3,13,11,5,1,9,4,16,7,6,8
1922,8,1,3,9,16,20,12,14,11,17,6,18,2,10,5,21,4,15,13,7,19
1923,14,17,9,7,2,20,16,19,12,1,10,13,18,6,15,4,3,8,5,21,11
1924,4,14,6,5,12,18,7,19,21,10,16,9,2,11,20,1,15,3,8,13,17
1925,17,9,7,15,4,5,14,6,18,20,3,1,16,11,12,13,2,10,21,19,8
1926,17,12,1,19,11,6,9,3,7,4,14,21,18,13,10,8,5,2,16,20,15
1927,12,6,18,8,19,7,15,11,4,13,9,3,17,5,14,2,16,21,20,1,10
1928,5,6,10,16,15,2,8,3,14,17,18,1,7,21,11,20,19,13,12,4,9
1929,21,17,7,20,13,10,2,14,5,1,18,3,12,15,4,11,9,19,8,16,6
1930,20,14,21,10,3,4,7,9,1,5,12,11,18,15,17,19,8,13,6,2,16
1931,12,7,4,5,20,9,10,14,3,11,2,1,8,19,6,15,18,21,17,16,13
1932,17,2,18,20,21,7,6,13,8,4,14,5,10,12,3,11,9,15,19,1,16
1933,11,2,3,13,20,18,17,1,14,5,19,16,6,8,21,12,15,9,10,7,4
1934,17,5,16,7,4,12,13,10,2,20,15,6,1,3,9,14,18,8,11,21,19
1935,20,2,3,12,1,9,7,13,6,16,10,21,5,14,15,17,4,19,8,11,18
1936,13,5,2,16,20,1,18,6,3,19,8,11,10,9,4,21,12,17,15,7,14
1937,14,6,2,21,18,19,4,12,10,17,20,9,7,5,11,1,13,16,8,3,15
1938,18,4,6,5,15,8,9,3,16,21,7,19,14,17,2,1,11,20,12,10,13
1939,5,15,19,9,6,11,3,14,20,10,12,7,18,2,1,13,4,21,17,16,8
1940,12,9,7,2,20,11,1,3,5,4,13,6,21,19,15,14,17,8,10,18,16
1941,3,13,9,8,17,2,21,7,4,16,15,18,5,19,10,11,20,6,1,14,12
1942,1,7,3,16,10,17,14,19,13,8,12,21,11,18,5,9,15,2,20,4,6
1943,12,4,20,3,17,19,5,9,13,18,2,1,16,7,21,11,8,10,6,15,14
1944,20,6,8,21,19,17,10,7,14,15,18,12,11,1,4,16,9,5,3,13,2
1945,16,4,1,9,17,11,18,7,2,21,19,15,6,14,5,8,12,13,10,20,3
1946,18,2,14,13,1,7,21,16,12,15,5,6,20,17,19,3,4,10,8,11,9
1947,18,6,11,15,2,20,14,12,9,10,1,21,5,4,13,19,3,16,8,7,17
1948,13,19,16,20,18,4,17,6,7,1,2,14,11,3,10,21,8,9,12,15,5
1949,11,17,13,9,12,20,1,16,21,8,7,2,6,15,10,4,5,18,19,3,14
1950,20,8,7,2,16,14,9,19,12,11,21,3,10,1,13,17,18,15,5,4,6
1951,2,11,18,1,7,20,3,17,12,8,21,19,15,14,6,9,10,16,5,13,4
1952,16,20,8,17,5,13,2,3,19,15,6,18,4,14,21,12,11,7,10,9,1
1953,3,16,20,18,8,11,6,13,4,17,9,10,21,12,2,19,14,15,7,5,1
1954,5,13,1,21,18,6,17,9,3,15,16,12,19,7,10,2,8,11,4,14,20
1955,16,15,20,1,18,6,10,5,7,9,12,8,4,21,3,19,13,2,14,11,17
1956,5,16,1,19,20,10,17,18,15,3,4,8,12,2,14,7,6,21,9,11,13
1957,21,5,15,19,3,1,4,2,13,9,10,14,12,18,16,7,6,8,17,20,11
1958,9,4,14,5,11,18,15,12,10,3,1,7,19,8,6,17,20,13,2,21,16
1959,6,20,8,2,5,1,10,13,3,18,11,17,14,7,9,12,16,19,4,15,21
1960,5,8,3,15,4,11,18,2,7,9,10,13,14,19,12,21,17,1,16,6,20
1961,5,14,11,8,18,1,7,15,2,9,3,4,12,20,16,21,6,10,19,17,13
1962,10,18,5,19,3,9,13,7,6,20,4,1,11,16,21,17,2,15,8,14,12
1963,16,1,21,18,3,15,13,4,9,17,2,14,6,20,11,12,10,5,19,7,8
1964,13,7,20,17,8,10,1,4,14,11,3,5,12,6,16,2,15,9,21,19,18
1965,18,7,20,13,14,8,6,10,21,5,19,11,17,4,9,12,2,15,16,1,3
1966,21,10,14,3,13,15,12,6,11,5,4,9,20,17,7,2,8,16,18,1,19
1967,6,4,5,13,16,7,3,21,19,20,11,18,10,17,2,9,14,1,12,8,15
1968,14,2,13,3,17,11,12,20,8,7,5,15,9,18,1,6,19,16,21,4,10
1969,17,8,19,13,5,7,20,10,16,9,2,4,14,11,12,1,15,3,18,21,6
1970,19,3,21,6,11,16,18,9,5,20,13,17,12,8,15,10,2,1,14,4,7
1971,11,9,19,5,3,18,21,14,2,8,15,1,6,7,13,12,10,4,16,20,17
1972,9,19,10,18,8,13,12,16,4,6,2,11,20,5,17,21,14,1,3,7,15
1973,3,2,13,12,5,17,16,20,21,7,6,15,1,14,8,9,11,18,10,4,19
1974,10,18,20,7,6,3,1,8,14,2,21,12,13,16,9,4,19,11,17,5,15
1975,16,2,21,13,4,12,5,6,17,3,14,8,20,11,18,19,1,9,7,15,10
1976,17,2,3,9,20,7,6,13,5,16,10,1,14,18,21,12,15,8,11,4,19
1977,2,3,7,10,14,4,20,9,6,13,16,15,8,17,11,5,12,19,21,18,1
1978,8,17,1,21,9,4,5,12,13,11,16,19,3,6,10,2,7,18,15,20,14
1979,18,10,7,6,21,3,17,19,4,14,2,8,13,12,16,5,9,15,11,1,20
1980,11,14,9,10,6,3,2,19,8,7,15,17,18,5,21,1,20,13,16,4,12
1981,3,18,1,7,6,16,11,4,2,13,15,5,14,10,21,17,12,9,20,8,19
1982,3,10,8,17,1,5,19,6,13,20,14,12,7,4,21,11,2,18,15,9,16
1983,10,9,18,20,11,19,15,21,12,1,13,4,7,6,5,8,17,2,14,3,16
1984,17,18,15,5,3,19,4,21,2,13,12,16,11,10,8,20,6,9,7,1,14
1985,2,16,11,3,17,1,21,12,13,15,7,10,14,18,8,20,5,4,9,6,19
1986,10,9,2,20,14,19,3,16,7,1,15,6,5,8,4,11,13,12,21,18,17
1987,15,6,9,10,11,2,13,3,20,17,18,12,4,7,14,5,8,21,16,1,19
1988,8,7,17,19,18,10,16,12,6,11,2,4,1,13,20,14,15,5,9,3,21
1989,10,18,21,11,1,16,5,4,9,2,15,17,19,8,13,20,14,3,6,7,12
1990,15,19,12,6,4,10,17,1,14,8,3,21,20,9,16,7,5,13,18,11,2
1991,11,16,14,2,10,7,19,8,21,20,12,15,5,17,18,1,9,6,13,4,3
1992,17,20,10,5,12,1,9,21,6,19,4,3,7,8,14,11,2,15,16,18,13
1993,8,7,10,21,13,9,12,1,4,20,2,11,14,19,16,15,6,17,18,5,3
1994,15,21,4,3,11,16,10,8,5,9,12,7,13,6,20,19,18,1,2,17,14
1995,16,7,10,13,19,17,6,3,11,2,14,1,15,18,12,4,5,9,8,21,20
1996,21,7,12,11,14,9,2,10,16,18,15,19,20,8,6,4,17,1,13,5,3
1997,1,16,15,17,9,8,10,6,19,5,18,13,14,7,3,4,21,12,2,11,20
1998,7,11,19,6,1,10,8,15,16,4,3,5,14,13,2,17,20,18,21,9,12
1999,6,12,1,14,8,15,13,4,16,21,10,5,7,9,11,2,3,17,19,20,18
2000,18,8,14,6,15,9,3,21,13,10,1,17,5,7,11,4,16,19,2,12,20
