Replicate,TFIDF_Hit1Macro,TFIDF_MRRMacro,MPNET_Hit1Macro,MPNET_MRRMacro
1,0.1112853473702822,0.21925873598486895,0.13682728221246793,0.2222272284852656
2,0.021324972971627946,0.15179479034576956,0.008574103106387997,0.1465153381251414
3,0.15126454716729804,0.24748494395199433,0.13839116705031348,0.22797575855897245
4,0.010573476062655124,0.17247590440361515,0.007758001100119714,0.1650756537495399
5,0.08642340384753945,0.1916896483073552,0.06965160653634135,0.20379609662282902
6,0.13036727767854475,0.25135936686620847,0.18291838905146962,0.310265469925383
7,0.04707021036217122,0.1366432402794507,0.046609967278260424,0.14668906863562978
8,0.007046503110698085,0.1294590266539915,0.016881221449834973,0.12289224546079072
9,0.010890760935731965,0.14838609016832888,0.0031566137835037284,0.16423694597411742
10,0.04985690983407091,0.18955925676278676,0.09880893028944039,0.23697963974977165
11,0.004302755470678522,0.10699889445710999,0.0,0.09822033839098046
12,0.023105813684435376,0.16047042482381288,0.002393782632419799,0.13454431656354263
13,0.07377828145832455,0.18109405619296126,0.05901058991558913,0.15746226758210394
14,0.009036253640216095,0.11250657346443046,0.009482601153862558,0.10226615579498656
15,0.05841279147459493,0.19061513599409705,0.0633237382691695,0.1966355107772125
16,0.03826810840986452,0.196211840520546,0.03141721168584999,0.25416633928076365
17,0.03312047751623079,0.20639769737580643,0.06137428135629782,0.23228657899274535
18,0.01262907096601625,0.15061380354287515,0.002744455499455453,0.12067827992128978
19,0.004305993398616276,0.1227817020644679,0.0028580811867045786,0.11623998638888568
20,0.030355991593699304,0.16026861338882098,0.0196605033850125,0.14669059378793126
21,0.027541361143950994,0.14260654430970215,0.014784633666544648,0.13711225846659614
22,0.006718840928137101,0.11967645495493558,0.016076038914241367,0.1439865466725466
23,0.05550476237757146,0.16620267443122222,0.04917069865206037,0.14478438065768873
24,0.00809007076456209,0.1449504827781008,0.01730678153296464,0.15134440992145318
25,0.04450782180445912,0.17235132229315064,0.057866891015227254,0.1776803328078603
26,0.037475523111839285,0.16882237789970558,0.006475331553776964,0.14451853801662726
27,0.008655254397941799,0.12626248306233312,0.0020881923988920643,0.13042952122403353
28,0.006640386621800926,0.11148622919286856,0.00021312872975277067,0.09773025617293982
29,0.08747497049740535,0.2440192777499808,0.02533712355861234,0.20665236717584384
30,0.010499396240716313,0.14015399933509037,0.006361368475398252,0.14570486864532498
31,0.015805786386351724,0.13989221658190668,0.010019708873995501,0.11886120560926643
32,0.07084244457668243,0.20481150381296068,0.08262996532484165,0.2396782402260762
33,0.02302265408706479,0.1521235296908675,0.0024234587846638555,0.1302219997268865
34,0.014225528210643936,0.1306953044738251,0.008537447809543963,0.09948395816155918
35,0.058519012920607044,0.17380395367842114,0.007708325247528666,0.12928103396107526
36,0.023885267191018713,0.1339700134252437,0.0023670755228244987,0.1255268866626025
37,0.07829553117226602,0.2033707552937381,0.06263456021682211,0.18112835000885508
38,0.07766797332802318,0.22034109643582525,0.1251632645847884,0.23747890402243313
39,0.16836370574348847,0.25703617341384605,0.14491489210459063,0.25910280089088206
40,0.04563227199717883,0.19829215855087973,0.013627853927047219,0.18340196750462454
41,0.008558471851073857,0.14196360381088366,0.058001586078469836,0.1937102674809083
42,0.013109392391208993,0.1331643819961495,0.006266492910892693,0.13749586254979482
43,0.06603204850925677,0.20694519998177907,0.05082765499753949,0.21375506646682302
44,0.0325761680595967,0.1636612521840364,0.0035240422878286444,0.1299170763216038
45,0.029893847682900536,0.18887720797580995,0.009429090214244462,0.1806432788883018
46,0.006019763919998565,0.11009880192196286,0.006325642905613821,0.11025687656260695
47,0.014606114729079132,0.1366293623900415,0.012922822813523685,0.14813153555454736
48,0.004840539882203883,0.11428949850709073,0.0024004530758960905,0.09438681390044586
49,0.012706681322738857,0.1122443355489923,0.006611140366540883,0.10854546648264375
50,0.12716127012346765,0.27991279055130464,0.1024888980732555,0.26316257963234635
51,0.04094704366226593,0.20848586371005223,0.014073160170290765,0.16800036786066402
52,0.02914036235766248,0.17527346573392844,0.018081957425216153,0.1460068035866984
53,0.06686859657626427,0.1863481867226964,0.07287770809462744,0.18878132935430017
54,0.011368378277413157,0.14977920348304302,0.03845025416035932,0.14712447351786723
55,0.09276800885854575,0.19876418717998107,0.05882418265998616,0.16771283810446805
56,0.007724031867231985,0.11166055098024402,0.006165937682348594,0.10942121181195415
57,0.025550144579439493,0.17129544533316352,0.022215249829610366,0.18939836737891141
58,0.06986992265149715,0.20957664883254146,0.01577290894106982,0.16316355749641948
59,0.03974917897628564,0.17962899864763404,0.016823985714779548,0.16358823429425282
60,0.0575786286068997,0.24153113019049885,0.053040374396060144,0.2097507986592276
61,0.018474225275001394,0.1735982861013554,0.054565365165243976,0.22456318748634882
62,0.07735218427737128,0.2279079974444956,0.07444421452739532,0.24405934553597727
63,0.05440221667687308,0.15568566749578966,0.05007920692842835,0.15210618202872264
64,0.11075638928309088,0.20139386815784377,0.13137997604503396,0.2282423999495931
65,0.061841903726236415,0.20139963495556576,0.05601873939351517,0.2134701978501026
66,0.10653666427971274,0.2384595992957818,0.07833227825671864,0.20876910210240066
67,0.01158594189747488,0.1424293093431302,0.00830162373521498,0.12854290021495077
68,0.006322551895167524,0.12583874718640845,0.010202388095549672,0.13149824478228908
69,0.07028281978364045,0.19876929384584888,0.05440050597777135,0.19403602898257216
70,0.07808761673745226,0.1745485781180169,0.07060798212713561,0.17024418624734708
71,0.011861995390614838,0.11577796836106254,0.016369517521564084,0.13912207969424698
72,0.013305794679787843,0.16584151844661713,0.007924366065335588,0.13729844048493367
73,0.057642053083124985,0.15377831481458185,0.055455249635153664,0.16758486682927187
74,0.024588938435391273,0.17447514618653356,0.005248785387258825,0.1621600070925863
75,0.02838813394703862,0.19458290761000793,0.017999064234802253,0.18833266761866466
76,0.043976442915688335,0.1682176174713944,0.021806552351650944,0.14240557291260197
77,0.01796239224342687,0.14937690743330437,0.00725818642308558,0.16053200684783075
78,0.10605966478908836,0.21693188687552128,0.0805021175640932,0.19578911030196278
79,0.058744396070992244,0.17606042865145324,0.0575763130640004,0.19258347340566395
80,0.07851265484515108,0.1938510169126307,0.05313779100509618,0.15565020624980386
81,0.021789082890799123,0.1561124174265375,0.005801867029679339,0.14868002035522265
82,0.02644205295993541,0.16194266501951732,0.02103537271098715,0.1703085507881824
83,0.04046418570305238,0.16836796916507005,0.034721412395742335,0.15961062286912175
84,0.03625947832951564,0.1549765879100776,0.013354375740243639,0.12846465391088557
85,0.016036131141580364,0.14261560154498965,0.006769620704049353,0.12553274445914192
86,0.06841180523529465,0.17281314222857155,0.05718260802004944,0.174752293279869
87,0.00679736136663411,0.12200665942266611,0.002432712215320911,0.11575915797386475
88,0.06887613814783103,0.17942412359361795,0.10739090207302404,0.2240335444442384
89,0.04960018579252618,0.1784455023262264,0.05178178784768627,0.14930893813865215
90,0.011929555104079908,0.12471036309998498,0.0018651397451293853,0.08972703932834028
91,0.0953322644460303,0.19615539779788538,0.08425116783069247,0.19616046323760966
92,0.09460898889723804,0.21057887492380334,0.06794138576903888,0.19694048809847184
93,0.04270473574326861,0.18715344452988808,0.049552698726652925,0.19809977034487936
94,0.00991923287653575,0.161504544073762,0.0008579208594486198,0.15605472927785416
95,0.017429646990126918,0.14283460816083912,0.01007505709070692,0.12395409913163075
96,0.012956943411048003,0.11814426858478437,0.007801327168146811,0.10125131930306479
97,0.04933296472949245,0.15460730497964228,0.03876715755892705,0.12842953017057435
98,0.07039511762836878,0.20170604209192503,0.04988653429549285,0.20817448031902383
99,0.07659489862027972,0.17654046292773717,0.052066919741784366,0.17403057079547457
100,0.06440951957358634,0.1939607812771884,0.03498876433509873,0.1938664858047307
101,0.021013371538427063,0.1268215597398981,0.015491067813795152,0.12567762626976361
102,0.07487430972479556,0.18579089640889496,0.06353807802605618,0.16237968907525707
103,0.1342085405969673,0.2888140594988116,0.1316300248890794,0.25295936719964557
104,0.04521160347226622,0.17898006000260566,0.013661650582846971,0.16508461646527983
105,0.009864393931102614,0.1406088352606952,0.060478254038075704,0.20028411281353872
106,0.0084025594637854,0.12038669413946437,0.003960927934379657,0.11353201773581834
107,0.042585595314379214,0.19654946840690543,0.04482177318083499,0.20352422618846852
108,0.021103282945658677,0.14763788788687063,0.02862066359777539,0.14822449210820784
109,0.02477286582279598,0.14563250441880382,0.020062789858536694,0.16313457922299623
110,0.06819770214179242,0.16387368819607107,0.04539998712632945,0.14976721878009244
111,0.010406372344200514,0.13649759456456503,0.0014561548339754175,0.11796730399176973
112,0.05623237847188513,0.16843564739994762,0.05120289762223003,0.15377770983319491
113,0.04762689154282473,0.16811629730086558,0.0422106712951834,0.1707034329853732
114,0.077032543928059,0.1971542745724257,0.061217079250875515,0.18745676653198293
115,0.12101697017280717,0.2507677823870136,0.11230556375659433,0.2279671024716472
116,0.07789030979112031,0.1888140791260047,0.052024339489304704,0.16143477499024456
117,0.003513527931239132,0.09680267073750433,0.012450944148287393,0.10230613395741806
118,0.023484585220430985,0.13926025915757373,0.020114941260020364,0.14727172852032128
119,0.07557015223670756,0.21930268137063616,0.04965420267006152,0.16730998056219182
120,0.05526829907892261,0.16473910898989577,0.05264985777067395,0.16198726474757008
121,0.010262871355192984,0.15053666409345398,0.005876605736215103,0.13495274152381267
122,0.004716182906272624,0.10079199416569574,0.0016816871676206715,0.10876778361486161
123,0.0249229803386527,0.17438989532012683,0.019653652905693753,0.18712668813717415
124,0.07643060925083316,0.22625618357185773,0.13236428382539484,0.24899211611146793
125,0.028715301710172482,0.14891356488836263,0.0022538459522499148,0.11015772438563247
126,0.13969377041864617,0.232741434296249,0.18231898133104527,0.2716422915726356
127,0.020546304348149916,0.1508836815672654,0.02220824755267786,0.13459382718653037
128,0.023460195223346348,0.16365243137413682,0.015344867364502034,0.15761256473058657
129,0.006967278848070652,0.12775818046994575,0.0221842203026951,0.1480721493455536
130,0.01322658135989031,0.12808543809761422,0.010138733426109577,0.12793952659647498
131,0.06738125042061863,0.20114276095164182,0.04566881804155355,0.1753826150337628
132,0.02761194435341225,0.20832286180622386,0.01938411072108988,0.19602346884601662
133,0.027600494606382836,0.14691050759482646,0.02309641719103721,0.15926574774156674
134,0.13188894741289625,0.26085951570133137,0.12225878713408082,0.261394032856024
135,0.06532519588753773,0.18057871210427615,0.06306140206383537,0.18103877546197888
136,0.0890243569187965,0.21153853274061196,0.08953463262389667,0.193876507006913
137,0.036721633430674624,0.14391174707128054,0.003710545020394199,0.14161477256468324
138,0.0889674857475681,0.21735751968078262,0.09091854505127783,0.24400201806844202
139,0.052483816687719,0.2297498996302903,0.10305301572017804,0.2467335160277148
140,0.07406870260570979,0.17802558257006515,0.05840918627749496,0.17933713165891352
141,0.12192181836890897,0.2250444906127139,0.11442528578834124,0.22715013200826958
142,0.0619470217175404,0.18804274889717879,0.02033480250044657,0.15517772359648943
143,0.0588724756266994,0.19464579785688166,0.057509028989022375,0.21288394751855186
144,0.03996615680618692,0.15858739084261747,0.006293807259652374,0.15036734289172887
145,0.01637379569803178,0.12578602829993527,0.020497087229716323,0.1389511701372744
146,0.0035003686513149297,0.11089606150754888,0.0029050911830110467,0.09921465968469087
147,0.06994216584635606,0.1868335302914869,0.1077926586995986,0.22076507565865214
148,0.043338427736836084,0.12880880651690327,0.040594405275156134,0.1426971417511407
149,0.006950823540007117,0.16985599741166452,0.0023069528014837016,0.16849834819292894
150,0.08875466689769686,0.21360473192896634,0.08657807431062219,0.1966071023958657
151,0.035678517881798405,0.14259740553232697,0.03071967199802588,0.11382285294843562
152,0.028538258267996896,0.13281402940417383,0.004138203762301638,0.12407960390413739
153,0.0456939781764602,0.1876783646666098,0.0056485369956166915,0.13984689083538032
154,0.0041468016623389505,0.12439610550815995,0.0020703933747412005,0.10290979984598088
155,0.013171815162549881,0.18603256809403695,0.0029503762491616186,0.1875792299589118
156,0.10361315514413974,0.24247070764502948,0.1527521022029458,0.27625522286817566
157,0.08355846755858379,0.24328207124741927,0.0512964490314194,0.23451114600160083
158,0.12381622405633962,0.2731319893762408,0.09520515242907779,0.2889590677716578
159,0.01012050345296449,0.12506874612380642,0.0038742497964901735,0.12807492596043335
160,0.003254728759396482,0.1251837357438306,0.0,0.10750515294331937
161,0.05582126187974862,0.16703225153287976,0.05017509168283833,0.1624540693950931
162,0.07011798859506131,0.17856428810266256,0.05952490820969593,0.18537177736462865
163,0.0046866184654994645,0.11042798194993309,0.00207019037392583,0.09327635220737018
164,0.012398955156565996,0.15858858185615168,0.003557567525382849,0.1540920982336192
165,0.09538312308740858,0.22110423415830815,0.10454905288877171,0.23007630498434012
166,0.06367508204901905,0.2393940436499046,0.13471703244135932,0.27210701045751234
167,0.03998101419245879,0.1775933918233487,0.014679313246295083,0.13811863985190515
168,0.052236205161050965,0.16932682478821928,0.02142538035852895,0.1577834214612503
169,0.010025253302250542,0.13375319776675657,0.0018546816578076664,0.12497272718008341
170,0.035102497664206436,0.15563493507593873,0.017600543268305374,0.15417948260422035
171,0.06376055828298981,0.18669171932601702,0.05639567197031593,0.17851250340238176
172,0.07784490020239139,0.20350738704191054,0.13814684908000116,0.24514002966859158
173,0.03451464482671507,0.1404723298390991,0.012687057903776978,0.12743706710805386
174,0.11861533478208308,0.25156645569804004,0.1275289375968681,0.2647957966621784
175,0.05307383429450996,0.18738652739897443,0.10272238275354367,0.1977395202933589
176,0.05687226028024574,0.21874263605503017,0.05867027526733066,0.20868388999136472
177,0.05442327094747843,0.18295967435525706,0.058366147888615286,0.18865365904025333
178,0.013647307467095455,0.15234348883823684,0.004231598204389974,0.13732749292492769
179,0.014873976199189887,0.12976274948943764,0.007643807903952297,0.10365619156241229
180,0.01258564858642972,0.16115030868061264,0.0043129547888523575,0.16644647528245388
181,0.012258751582523231,0.12301654981457029,0.03975496283932205,0.13152356731261552
182,0.014312385133002089,0.12615287234353248,0.01291601591920803,0.1129393915398232
183,0.1451320715998555,0.2829400297669055,0.1476181288481647,0.2915958819092528
184,0.015220289528109646,0.16488073603904835,0.004869759998633645,0.16622279302488066
185,0.1136685573974343,0.2683982224126313,0.09166067126388744,0.2521836852418147
186,0.008816259404665608,0.14556446236820011,0.004245083062049239,0.13810511064790315
187,0.10558828772735004,0.2007737107213275,0.08999337617845844,0.20191357174995303
188,0.0264602232007771,0.13919683156267287,0.040597794034059755,0.15318854145217212
189,0.06513746444378624,0.1884367484693362,0.047536384130504976,0.16911506832382656
190,0.01041555405075327,0.13766384007323412,0.001947625977454628,0.14983580600723415
191,0.054470678199606666,0.2065712961227769,0.0529838992977828,0.21666610693575578
192,0.02168378875111504,0.16799864440463602,0.011242795699014044,0.17790136013507957
193,0.14015076593155992,0.25084395773125473,0.12536742413418192,0.22126307671951562
194,0.006408140407609643,0.11336886914290875,0.0026662127090786,0.1143981641128959
195,0.0904083567860054,0.22015805130423327,0.017612243707529195,0.17335420311398073
196,0.11774689835884197,0.2448806027730067,0.07028503879187761,0.22452587767379964
197,0.05601045709991177,0.17724929598302255,0.0581181798548703,0.1865959001149656
198,0.03204951303394916,0.15482062223250415,0.009247927280647794,0.13527817936170727
199,0.05028053707159543,0.20615304738338877,0.010631099195585579,0.19992522792841802
200,0.004438419849623324,0.10733307600084858,0.004489308759789743,0.09309223219509341
201,0.05182922207391205,0.16851383015609647,0.05799662544149497,0.1808665899055185
202,0.07986760630262646,0.2114674480932321,0.10270822550403333,0.24075193983881635
203,0.0918569449248603,0.1993952722716421,0.08731568801744825,0.185969200473091
204,0.0073616877203622625,0.11511035047732995,0.0005664421310471525,0.09706981005639617
205,0.017560023593246377,0.12229333208441652,0.006933878145870718,0.1056525208263111
206,0.10641547799282221,0.26409409918953514,0.12436975149695073,0.2804478217806362
207,0.0676158206398901,0.1993763858930238,0.05841127751569116,0.1772091210091554
208,0.017346965840309456,0.15414735054981762,0.06506239115713042,0.21898262118700523
209,0.05841968601537391,0.18646870073571076,0.0978990211015005,0.2185060798864503
210,0.13048162964226753,0.23559875657742585,0.09904484159828018,0.21476326019451872
211,0.05375222233531599,0.16260864052801555,0.050990084857014846,0.15444019922516303
212,0.009044975913397996,0.1326721532101722,0.0047366060838198,0.10282491930420141
213,0.06714624541530083,0.19943962779439783,0.057736326189293335,0.19209268095440288
214,0.09767730384946899,0.20627307756777555,0.12491835484750934,0.22127574232832778
215,0.046517499416095426,0.16541652418805086,0.01641507037532232,0.1350164583693888
216,0.06348389306327944,0.2227924676784858,0.049832228242278655,0.2041964806461648
217,0.008213500737588662,0.11133384263755983,0.009157034552888622,0.1117798041737683
218,0.05500862468577249,0.17435848712280483,0.043844524722825004,0.16583567313358102
219,0.039625805944806476,0.16679486452206668,0.029715975392071426,0.16872543407123938
220,0.0059567943703058715,0.10528321899369988,0.006947217680640641,0.10698483171050355
221,0.027677130469837368,0.17466921960851148,0.04898185747130256,0.21567237401509154
222,0.009762692643176052,0.11295045766831376,0.007862092487246054,0.10527915695934502
223,0.014612969750205637,0.13956386498514659,0.040888870029212855,0.14779427976046028
224,0.04901279462656521,0.19399111560290638,0.0746772762478518,0.21945734118961663
225,0.015139800425287665,0.1342568527885148,0.008883780935506696,0.16186466270702962
226,0.014677943929858061,0.12290602951564604,0.012040167732507347,0.13906692091758838
227,0.04472902984636488,0.17287869226442926,0.008955714559167558,0.12564623563696709
228,0.09747483555048665,0.2533346166554021,0.09570625394234525,0.24804617683814337
229,0.17143542215922927,0.26831584890797516,0.17046897838629582,0.2657186540900814
230,0.006253078186095528,0.13432201202855157,0.0022056620649418307,0.11919429213801873
231,0.02487171709645185,0.15468949887105798,0.07204067682623905,0.2196956346399572
232,0.02398753812969165,0.16300877273001566,0.004432314500097273,0.1533185520620938
233,0.07475004498789348,0.20051813610019542,0.12303921928406554,0.21960587258691666
234,0.016829129094970984,0.17672302313589142,0.02008800079190912,0.15382264950786922
235,0.026069155617382378,0.2032754694239745,0.02289453508903284,0.20899444318446486
236,0.04704183405088775,0.20279171132802384,0.009922205579979814,0.162337609770452
237,0.04177980147810067,0.1417330107523899,0.04199483242187496,0.14676242196519132
238,0.030946182619231342,0.17607260427528906,0.00918407404942788,0.14654302748528814
239,0.11672418694337995,0.22254341607900785,0.11291069858919323,0.24081987935575996
240,0.0621673640537526,0.1605181562151397,0.051070690500660786,0.1678851381995447
241,0.11249934215519178,0.2380136734939052,0.10665086433165749,0.24623717986642765
242,0.023476926910962266,0.1316249031454798,0.00995303657844358,0.13165387167452736
243,0.01915040103110671,0.16766174316997962,0.009411614060397333,0.1642597035001284
244,0.011403478415009608,0.16705708992767113,0.0092062622382459,0.2039148288750943
245,0.007568684905514179,0.17162835361017112,0.004087242628356348,0.1602159615217856
246,0.06724387000148324,0.18616226216612364,0.05927198185625639,0.18811569575255274
247,0.04898467737786859,0.1973409396023926,0.02718794091552593,0.19708893856623946
248,0.03285316117866291,0.14245250837180792,0.005874534276622294,0.154999787002019
249,0.05597388847902989,0.16890460675520044,0.0506170994058987,0.16991381391904145
250,0.02845170336102611,0.18115044131032812,0.0048150977606210635,0.14593639964417307
251,0.06502298478123375,0.17767707016462123,0.0561350715864658,0.18606650341820605
252,0.13195280098999057,0.282009195936092,0.10085243127701018,0.2663647120704192
253,0.012266211521781976,0.16573928000295435,0.04317503343782041,0.1720776752144437
254,0.0069084852671073855,0.13229427979442487,0.0014099750787811643,0.11642549063014046
255,0.011139687363319595,0.13129151225114488,0.014034997407334453,0.14885591942613402
256,0.03541232152586783,0.19465665889320866,0.013529232972755824,0.17327025783537064
257,0.030219793204278863,0.17384120438824816,0.023386192587120182,0.1967381231118252
258,0.026055172297828305,0.17934120356455052,0.016252675637226165,0.15544351087522926
259,0.05789287870251156,0.17261527319345693,0.04644475752734653,0.14573047506357445
260,0.028208323603716612,0.15082198708794556,0.0034027033236406963,0.1252689294828282
261,0.09001111622813954,0.18580213829593967,0.06504508389187313,0.18867455002191694
262,0.020357533903098943,0.1823288289963698,0.02992127943730839,0.18675980660816127
263,0.044555999548310965,0.1834832029681867,0.032128123519039084,0.18769845164836108
264,0.02195716116492552,0.1608771695444367,0.017428428974239137,0.13937121265035038
265,0.007551629041816106,0.11298150896456445,0.006799484096292428,0.10966423681332778
266,0.09601628624219491,0.21221954147677022,0.09215587920746812,0.23699591344665213
267,0.04456508046526335,0.1972736950121782,0.010510279874336297,0.16147232875246115
268,0.01130881710255409,0.14399887330976302,0.010960946064661813,0.13857480645698378
269,0.0840009234700469,0.19103309100262097,0.08374703866919661,0.1790515101988871
270,0.08049386250919284,0.19140124207574227,0.074128529558197,0.19626258964652474
271,0.09996993347036301,0.22959721534353028,0.046834569269985186,0.18198974929881898
272,0.013364988942781613,0.1942808340195749,0.057534025230997585,0.24806966090319577
273,0.044536666412005495,0.14139905805562772,0.04959685529872795,0.15709567343812889
274,0.02896958170843702,0.18002203728982077,0.030194164089789807,0.19696711030212202
275,0.0941045630086208,0.20408453137960594,0.06446982573256513,0.17897451523396263
276,0.1450178125408692,0.2533788833296834,0.1445095890848636,0.2789856749142257
277,0.05672859312423788,0.17884202739630584,0.05048050743290431,0.17552642651794312
278,0.020035958356993056,0.13981778115941984,0.008510458603067506,0.12657449371088805
279,0.016670375342380146,0.13798297820332545,0.009086945360116816,0.151439045380764
280,0.013837796343208298,0.1826367495589207,0.008954557744955554,0.19456576548855847
281,0.016541715407543515,0.13838913000542072,0.04215299622904824,0.17580011330289744
282,0.015997814592377972,0.1409417649776126,0.00879527781031527,0.11576709529123645
283,0.029526583883811085,0.18390309902666288,0.10842928084579807,0.2214231969954931
284,0.03440210864366624,0.13443550488537284,0.029721575740854066,0.16832674606669396
285,0.12105231272464292,0.24308210941289712,0.11091178137121949,0.24251418721605703
286,0.040776318399683334,0.1888002702424554,0.0504094181023317,0.1935078896453418
287,0.01041650080642952,0.13524273012799704,0.007904073821525508,0.13334845732811815
288,0.018715934362172372,0.1533496246095683,0.007679725827949861,0.12600930171342525
289,0.08498734233545992,0.1880807681522357,0.08800947354437227,0.20693392444879652
290,0.09076257252406708,0.2132308801103534,0.13370889470190814,0.2606308727961676
291,0.0572071192883826,0.201366350262253,0.0496114555868111,0.18046604107647363
292,0.10763891390705364,0.2173442699302382,0.15180341507570558,0.2516300651143096
293,0.01028794325345771,0.1527282877690358,0.008604304638771917,0.1328878936113087
294,0.01514319377629824,0.15563170720160602,0.015621752867162993,0.15273747253147174
295,0.08956175751343837,0.21463832268669933,0.09561448466539113,0.21968766525231845
296,0.05986192489410665,0.1611429393790205,0.08468188295795308,0.17561856398838774
297,0.05759918249940772,0.1854504473866475,0.042668193287918973,0.1646679615767529
298,0.0065861532682227174,0.11412191860135017,0.0038008117554652024,0.11461498238603066
299,0.008441623816028728,0.11905303552352789,0.001917618379750217,0.10379585210343635
300,0.027187947041283474,0.16296413757843314,0.028280414420192024,0.16699646300489113
301,0.08473204633595115,0.20033277393535381,0.055047233370153825,0.18152364659896394
302,0.1046451285603127,0.24821650876032147,0.1823774620702418,0.3238352228370021
303,0.066228326254218,0.20380509378123826,0.05550955311169691,0.19288280004611025
304,0.09583244315804723,0.20433144450401539,0.07774474010914995,0.1897002357271648
305,0.09855935808036502,0.2254576895292673,0.09559009322297359,0.2316675401688533
306,0.0037076273101211196,0.11360356187989264,0.002097861330150536,0.09649448876306245
307,0.034094856232282686,0.16014119633149773,0.010886447970243691,0.14674211489334668
308,0.008325438472294038,0.10742598951946403,0.003118682363316375,0.12249377042529988
309,0.008870862976724707,0.11006303919073587,0.0027338043543554233,0.10488125304862973
310,0.08937999086207975,0.1973678876465504,0.08534899804556269,0.19341400429689926
311,0.006402675736064842,0.11692681569953789,0.0029322005156121995,0.11587538923764751
312,0.0063536626805599326,0.12564806381812568,0.006001680229088584,0.14082614483469022
313,0.06120281481387585,0.18031552241825416,0.0443767910983931,0.17054018801984114
314,0.013112590221702348,0.15063033383619676,0.013052278338272024,0.17963952494660973
315,0.0797466606623633,0.2079285921839716,0.05986672391529744,0.19493267536451508
316,0.00794387840327728,0.12195200588397888,0.0031904190081548174,0.10713292454151441
317,0.03450941694902709,0.15588837983130574,0.005606840931247729,0.13619543749596352
318,0.10041129372779013,0.2282407413882598,0.06687153813993735,0.2064522350752018
319,0.06801690726662481,0.19663726861765196,0.08525341851938505,0.1995357959458798
320,0.05154091716623721,0.20986969017519644,0.043169555523043114,0.16807361670992374
321,0.04363190832087272,0.18196553630531515,0.014275412568035757,0.17602564193220402
322,0.04900085885334512,0.14521922250531694,0.049266347642485296,0.1464201331501141
323,0.003513527931239132,0.1141770330938515,0.012011769796069563,0.12235905033935629
324,0.01508987673951158,0.1417427453605386,0.020202170716311522,0.15015047262075623
325,0.06348042762218367,0.21882188869971883,0.10675378848497426,0.24446480216284794
326,0.07146981680146999,0.21498828470413386,0.05700215543733605,0.1971427360256031
327,0.15690622540075957,0.2723552269451483,0.20710764806655882,0.30001209299939224
328,0.05809302453210495,0.1988361545447212,0.06194631292972758,0.22387130796958185
329,0.015186291613008735,0.13519763386556774,0.004764917238389255,0.13813831864087742
330,0.04991688281802038,0.18798752389983142,0.012858576690255436,0.13847014208543315
331,0.07710072657776675,0.18996801267021216,0.12480992183182138,0.2018709153223318
332,0.12581159624694466,0.2624508357620935,0.16907935316284683,0.28762592933230835
333,0.11153113397804598,0.29911912497205284,0.12128527066183438,0.3359312595454758
334,0.021670581732999204,0.1493329751137006,0.010981532087886471,0.1471548072682392
335,0.08399774679095613,0.1825571696845424,0.07362761245379783,0.1783299143288424
336,0.03514455746661826,0.16632185377717776,0.014503141542759442,0.1577243998929815
337,0.04913723075592692,0.19123810084408546,0.019509659606499245,0.18743034458794106
338,0.013341323792478184,0.15473122835520786,0.0012727022564667032,0.11976032066880724
339,0.012178618817168746,0.12413319218985389,0.0023567927319680473,0.1070314708744139
340,0.05232123458042928,0.17526755735351163,0.02277112995476425,0.1555889682119107
341,0.014068688098409141,0.14017579891015278,0.0588184297001563,0.19933394995048057
342,0.013834220670704918,0.14269489441882832,0.012827969110372461,0.13535228491261547
343,0.011813315856023942,0.14322020697257518,0.008862224655682108,0.1352523947719892
344,0.05259487704726176,0.19266911196098788,0.05418932538342366,0.2021326727545473
345,0.020470577976338333,0.1663424136220925,0.016472037581293775,0.16428946205421585
346,0.055158371186811606,0.17985661333569872,0.09284647682920888,0.22571238181705916
347,0.003254728759396482,0.11963568022621618,0.003064603767928576,0.10090382580517854
348,0.10676010299178947,0.2413839789262417,0.08887595511020316,0.23103532573743307
349,0.037663665850843187,0.1727161265234278,0.05703145965919355,0.18838033503026355
350,0.004322941538518583,0.11347951114534176,0.006409506194093778,0.13715823300905253
351,0.04282218814966253,0.1722792736929531,0.011198191543832623,0.14554265749407994
352,0.017292454853842017,0.14646808979604048,0.041923371175468606,0.1358399613910964
353,0.02954558530061439,0.1496799820689617,0.009197205888042643,0.1312286391055639
354,0.10729033815547483,0.22349682481071423,0.08742945497054988,0.2062467548794456
355,0.00860318209733802,0.13794374081545946,0.0038337341483691083,0.1290858460544017
356,0.012408453975097492,0.1306125998697028,0.01517165377655603,0.13528403936567454
357,0.05137748898443986,0.1650623753905796,0.0472598896577633,0.14782741423644605
358,0.12258590792751389,0.25711877420864465,0.13046821779191647,0.26898951483124534
359,0.054508652501082284,0.19717250430397323,0.025065936597396976,0.15552971204185473
360,0.009238315289181676,0.12211237461646049,0.0012073647267405565,0.14353326594432375
361,0.012186477388968194,0.15494968494768038,0.006947217680640641,0.13632313813419722
362,0.003254728759396482,0.1198847304630724,0.000183452577508714,0.09579196803638994
363,0.06895389481477836,0.2015416110461971,0.0433964040010679,0.17210100368700162
364,0.04544687828861479,0.15872870223723493,0.09535875950617213,0.2098771896160713
365,0.007270471011671146,0.13376168983738737,0.011958113052511172,0.14136410405390953
366,0.0568135950273176,0.18707214194902666,0.05665052691234922,0.17314866367087361
367,0.04669401079582536,0.159702597137335,0.04558073252445127,0.1897938275936062
368,0.10519657329126211,0.22107949918088413,0.09359864590110609,0.19320827398527007
369,0.11360545215377928,0.2355089911748025,0.10765062565350739,0.20660798272333158
370,0.04393085552476454,0.1481010506632781,0.03352240805309763,0.13717560303419543
371,0.09678412395838196,0.20541099797699391,0.09195968312931634,0.20431953600916705
372,0.009087716619635408,0.10202943463689208,0.008086806197508232,0.09533349436842085
373,0.061508147461479215,0.20204301443967243,0.07201725457357153,0.2094309321633816
374,0.004909518159289157,0.11600747238027193,0.0031178506332499344,0.1330173096765603
375,0.027478587486391037,0.1476963705000124,0.026435839219538758,0.11717218724976002
376,0.04780605007707918,0.1944346560216007,0.016261646549246184,0.18891746830371334
377,0.16518345179604033,0.28181103494273757,0.13916064192065403,0.2786214487343818
378,0.007461911927349707,0.13156596232961415,0.0017362476085646145,0.10922895728009765
379,0.09335763767968837,0.20995781309135975,0.08731673887496307,0.1911215648784283
380,0.05062235785402695,0.1940157835177553,0.018845609500058008,0.18033948869470007
381,0.1604585644281434,0.29465899022366504,0.1879321035459852,0.30410289449480976
382,0.01857385532843272,0.1389189892519613,0.009577095778009248,0.15844669399951886
383,0.005936410660339719,0.11397218674053947,0.002498249871438277,0.09783093188254556
384,0.048096998752381236,0.1965302355840704,0.005909102794344271,0.16870586099033308
385,0.018150899486376566,0.12804119225695718,0.013083567365124086,0.1184558743950037
386,0.07145485070883191,0.22626310578293723,0.050907246846406365,0.18857203802864927
387,0.0820025644679226,0.23966261835058889,0.057585279390570815,0.19743583428982767
388,0.06705519760602954,0.1776490762010883,0.047145643588487704,0.18617645394839255
389,0.20234430361784245,0.33493869428988626,0.23067341770212232,0.35535792906021635
390,0.02043663804534086,0.12313000631188373,0.021133674504860055,0.14588687252082624
391,0.005012233474062322,0.1173017733761689,0.010261910117029016,0.11451479279744321
392,0.037391721149824954,0.1591854083259287,0.004037403126450941,0.1334763875885402
393,0.03866278579047903,0.15626535769324718,0.022409402704312627,0.1658573835467809
394,0.006620813144657207,0.1315013887158904,0.0034194573747479834,0.13183088445525654
395,0.139795933534305,0.2860258705797163,0.1471779616594132,0.2807564052401497
396,0.01366267944242847,0.130259444892091,0.00743143886614371,0.1261097236274827
397,0.02195784176642661,0.13853121843748742,0.009421933877492425,0.1596526008093522
398,0.06601847872680132,0.17769788116601723,0.05399873223487348,0.153907822013314
399,0.018432335993910344,0.13672107562002672,0.023467794952642784,0.12588139023615932
400,0.08007896657438608,0.20115962742829438,0.09007427710022045,0.21372937749776444
401,0.10364709008697492,0.2408151491246517,0.09860138935998937,0.23657246902543858
402,0.012161526470193341,0.14623198447877822,0.012897725023575056,0.15816991346839857
403,0.05714186044272895,0.2026458739344442,0.014127156268794959,0.15062690089862169
404,0.051765441970916565,0.16241082174670474,0.050892586914339344,0.17094574737694418
405,0.08415432042317589,0.22426373104988728,0.06214173718782057,0.2058128177245014
406,0.04146534995156411,0.16089091999351413,0.03879090277917435,0.17225326652293152
407,0.005359219521732235,0.10970277394603577,0.0026098294472392423,0.11139978464122136
408,0.029407554524856893,0.1439031878844336,0.053274422645686416,0.1630070927017889
409,0.009456689155836405,0.13982135792308584,0.002635894396817995,0.14596108279794529
410,0.047588424747058905,0.16116786495993532,0.09737397051708295,0.20220248597681317
411,0.0507100592157059,0.171177542850204,0.04849225293828851,0.16328362314049855
412,0.12475791913884612,0.2657322186474286,0.1868352337684806,0.3118968362609559
413,0.014306721756500308,0.14344668875292133,0.062383314395278694,0.16938988762593737
414,0.07226781226727752,0.18010907725379977,0.06067813608443853,0.17967778319382074
415,0.006706211866062175,0.1110849604183182,0.008501221426326583,0.11372148207846762
416,0.004766900352797138,0.10559301706651214,0.0008107834194790716,0.09319977975430027
417,0.008102343807529635,0.13100466722603607,0.007246481688013739,0.13255392802269933
418,0.0053251221341376834,0.12685261414608742,0.0037449762513701128,0.12626696005985782
419,0.05625515805213925,0.18796737950492404,0.08319722477016996,0.2081155228910215
420,0.008125858380410966,0.12095332860228482,0.011700839728382439,0.12044200288265217
421,0.008957406582807859,0.13075988579554199,0.003348357831075519,0.1464957344061979
422,0.008134950876720974,0.1257360616030387,0.0033518892160734393,0.12211491229889615
423,0.061392214957094446,0.19040545346377333,0.04757993582602096,0.20338353119296698
424,0.04865536090329061,0.18014294939592346,0.026903361353582046,0.18356794898154105
425,0.01700621069798054,0.13814492763556202,0.01055035543334818,0.15016806487273157
426,0.026226469110080516,0.16084500290669793,0.042281266909542724,0.1478351953311135
427,0.007582097478056766,0.11363902807944533,0.006987928568259715,0.11017031316972713
428,0.05666484305358917,0.16954902811712455,0.04768925527280216,0.15279902271794446
429,0.037216471821699085,0.16881089292762555,0.004807557227131314,0.12966606491324428
430,0.017672056371564878,0.15487006764614755,0.013729932794277023,0.15912854095526288
431,0.0743827814528585,0.20819727030427146,0.1343748073831326,0.2587139355015241
432,0.061792033918100585,0.1511630716870666,0.05842044472462193,0.14225991093791604
433,0.05575555746890092,0.1721873614102009,0.05187562010957148,0.1728493621782286
434,0.09521404197066932,0.22260443461375826,0.0511478334302542,0.19586378731384363
435,0.19162030482243878,0.29965231391393965,0.20147524358309635,0.31310471345248214
436,0.11328890902893973,0.21286111232817403,0.09368203643785342,0.204759454791793
437,0.0314091992766549,0.17484208185248792,0.0021693693645282704,0.14626073148985944
438,0.014100074787691244,0.12322591479526475,0.011694323038845253,0.12742571907768738
439,0.13248312163793766,0.24395572188437623,0.13176947561289806,0.23855782051003527
440,0.023645508437316692,0.1722620097633394,0.0326503644969874,0.21339401882722897
441,0.04325302510143107,0.20434416846695663,0.04810625349168389,0.21313746115385274
442,0.005303006308699681,0.12738214602865394,0.0020381342353163806,0.11638273854729962
443,0.08111198603061634,0.2009524219375256,0.060015443276193306,0.19078630602407737
444,0.061536398255326585,0.17939276444963873,0.055381620436331616,0.18269168979203612
445,0.022066517464162886,0.1425119259955945,0.013298343280935855,0.1281063205739342
446,0.06593901105183755,0.17716704941695863,0.05274794310359682,0.16193632040269806
447,0.09206129153439671,0.21557073298317048,0.07562328554806037,0.2358783007434717
448,0.006941482717202058,0.11345656680378796,0.0010569950297867994,0.1247492265454432
449,0.04360268212402996,0.14348750969904686,0.042893715700961454,0.1291221679679203
450,0.017809926534526014,0.17860075056952435,0.014416336873199813,0.19530137458490576
451,0.03764817753458402,0.17024181380979655,0.022091777256028487,0.16649879674306278
452,0.09285330084894299,0.19775160311123816,0.08644463495436047,0.17237956974569557
453,0.009002948907627869,0.12407136915478384,0.0037706149252241757,0.135176654238513
454,0.07060978544767096,0.22306441143766842,0.0693703995289192,0.2286948674117322
455,0.0945395235151838,0.22516869389082533,0.05480747229863221,0.20808177837520125
456,0.02418593702983313,0.12926918469581444,0.018257702011588765,0.12944960048922763
457,0.10230192313216603,0.24601729913766163,0.058600815584063375,0.2160159835682247
458,0.01724729115147427,0.16552897693175683,0.008434439277330842,0.1334426836359204
459,0.02235906646695543,0.151064024326566,0.005422039468339253,0.13812864638215896
460,0.0910664204855009,0.2512470850234696,0.053938705043299125,0.24984183986708022
461,0.048337900708859585,0.20661473081929294,0.007805157352263828,0.14800870405698754
462,0.036429413373532296,0.1742468455957947,0.006461551172489736,0.12666742622223018
463,0.013102358667189187,0.13130226252456165,0.0086260966744334,0.13653250533235944
464,0.11622769365987058,0.24923413361243366,0.14347687341691145,0.27067405724784377
465,0.060860992446242164,0.19410545062351645,0.04085982198494794,0.17900578868080186
466,0.042431910409587284,0.1951045760488297,0.007536181264761061,0.14723676722175547
467,0.1278036481168858,0.2390893603731385,0.13037583298417443,0.23774473249465294
468,0.027434823008886982,0.1421310971170362,0.04080902161551895,0.1415455511137014
469,0.10385708611197422,0.20430680274985263,0.09323632706052637,0.22084063977029514
470,0.03166886810859296,0.16531893595538152,0.011838199186948112,0.16318255894656927
471,0.003254728759396482,0.09212516392188812,0.0004725076168227832,0.09381001101756963
472,0.01600664635809495,0.1330803221443105,0.008739633889930504,0.11796227276618931
473,0.010403042511619524,0.1296388229774812,0.001947625977454628,0.12955173037615264
474,0.004114232528968059,0.1114340672703302,0.002129708566196205,0.11097510068764492
475,0.05173493176758358,0.20214306904168913,0.09877684801997455,0.25149514415029134
476,0.007577587314764226,0.14708062507364988,0.0135707415767122,0.15640961405240209
477,0.06452175007727605,0.1892339283384495,0.030923795288493316,0.16209419816578716
478,0.04239819036698597,0.16614281292140215,0.040581794197813624,0.1605287657976907
479,0.008495159685654551,0.11810112693249117,0.003137636060696589,0.12177052640383676
480,0.04874338587138,0.1457881031785967,0.03958499364133423,0.14175727483694514
481,0.005418875189554583,0.10796673646016777,0.003108454435838168,0.11650888660592544
482,0.011383677553084282,0.1575121260228085,0.006441667375483655,0.16586838454655464
483,0.049913970459113104,0.1561637960155558,0.014085499732198492,0.1355725130837157
484,0.011701501753033373,0.13866433316746987,0.007543751558789019,0.11933853311653995
485,0.03313040142016608,0.1547463177184923,0.041688246318032925,0.17532831571162724
486,0.06543127143234202,0.16947344457697175,0.020433579797999188,0.1390906403591291
487,0.06341321597976145,0.1641658577868191,0.04808564692169326,0.16375461496965096
488,0.020638210773288354,0.12054694465743804,0.013052342974890541,0.10392554622951476
489,0.04544630467736996,0.17281413675201568,0.010783471097250913,0.16085239056608214
490,0.04279001693678778,0.22209116586036023,0.017818237113696577,0.17718782723826887
491,0.029117703821678245,0.1694928250380107,0.012619685147016068,0.1467939264096853
492,0.06875596900148732,0.16990921771934664,0.0554855957835804,0.1762749644985132
493,0.08235583939602253,0.2302371707963778,0.03476574418567484,0.2004356771313855
494,0.07021965161962908,0.1923283103934507,0.010515518142027606,0.137698482347095
495,0.018145082294664185,0.11955302119653642,0.004686735634133699,0.10505971128523539
496,0.09567088298307677,0.23286539082360203,0.12285045579874872,0.24909907093449413
497,0.047236807609325235,0.15774186227499587,0.045097829336202426,0.1511898085136789
498,0.1417772753299605,0.24637952781030403,0.1357200824518471,0.23162932677203849
499,0.017902421037510174,0.1540720223699331,0.061847514389692916,0.18902154275833724
500,0.0775833488915769,0.22286118172402536,0.11061660924362525,0.24198376702265284
501,0.03875557726098434,0.16336857064100704,0.08744647050005132,0.23128222306139604
502,0.07559812890288922,0.2392934923892052,0.05727078402588095,0.22914028598474842
503,0.06391365030147475,0.1938648175610177,0.05842283384649373,0.20374278626257464
504,0.03253292403677907,0.12495803937949597,0.023609570924670184,0.1307241026953251
505,0.02890383294799088,0.1712299195346715,0.013651116452196502,0.1476822583904583
506,0.021459302419140548,0.12348550029750364,0.016069624094472126,0.113632148617857
507,0.005680832592539801,0.11650657828081035,0.009950707595000528,0.14008368839968421
508,0.04723476657040393,0.1541427671773631,0.04231912996184464,0.13919067969706167
509,0.010072915719399054,0.1494246842601033,0.023039318208886942,0.17398891279071618
510,0.07825128259796389,0.19479154361767687,0.09014116608364432,0.2231317320273363
511,0.10868002523691024,0.1940644087451921,0.09735976127498536,0.18568629306984638
512,0.026472109001998964,0.14688943095214999,0.04159081604157451,0.1583246269699661
513,0.0598260175906302,0.18490645098226668,0.051830436340062055,0.16490599199612402
514,0.07377821158584953,0.2103228665035006,0.13805047081318483,0.25064093200124077
515,0.07456708585870048,0.19623436111609768,0.04995885437560371,0.15643176035544834
516,0.008357433491918384,0.15216002316846763,0.0035561119969820397,0.14670683896100567
517,0.06631244340425876,0.19405267470234888,0.03134551259438905,0.19622475492248756
518,0.07490828075458156,0.22243194265378252,0.06304937379744328,0.19938980745487284
519,0.03264135146300879,0.15474684346114226,0.015016946912013574,0.14090332820121365
520,0.1784832613882065,0.2832443987949844,0.23167836571902187,0.3223953882060131
521,0.004059881738462504,0.11609945914786027,0.0037086670663802512,0.0984370672994569
522,0.08043289933485802,0.22005722031840289,0.05787611736186611,0.19885348213581458
523,0.033648579290251814,0.1585943074188092,0.049453644907317545,0.1712081817953688
524,0.08498578382700735,0.22110120307936532,0.04713843984205594,0.20736782701112322
525,0.0054672267974149175,0.14100481895926575,0.0023176854500292026,0.11832052403797283
526,0.10021690383909208,0.22601908504035106,0.07798249957045424,0.19941330493830514
527,0.03269910945816298,0.15754216182581426,0.02804914316371823,0.15323372580218755
528,0.043730444504459814,0.14882458200920834,0.04746209200085126,0.14905154661954687
529,0.0074114217348215175,0.11432091988092603,0.009702262871417363,0.13618627501818353
530,0.08442156331758381,0.2180461717702885,0.10538701328973529,0.2346310981945942
531,0.19555833699430789,0.3227011934994265,0.22548069678746074,0.3577830985035684
532,0.012240788022796423,0.19341323169586996,0.06356783096660222,0.22084207327398292
533,0.11027606949610971,0.21653671325145313,0.09937337625646088,0.20341214366536012
534,0.015000069543606154,0.15955530244654487,0.06379386441947117,0.1816631116110611
535,0.06618439133596812,0.16440096279366273,0.053091094309058735,0.15281076417301637
536,0.1268498626246066,0.2576043440771536,0.11668585723867424,0.2602310052227088
537,0.05353798178914992,0.14032116347752402,0.014887434543028962,0.12544406823441137
538,0.0056967312013989245,0.11082963595344318,0.0022835221044939713,0.10862851382896935
539,0.055227139382173315,0.1738805881515664,0.05383593184564655,0.1878681391302701
540,0.01938523675264401,0.1914021232730905,0.018295911832174216,0.17321870829051778
541,0.05245706960370624,0.1715048920072367,0.1178062856157011,0.2188454073096378
542,0.1349939063575267,0.26342660919318533,0.1712461795064817,0.28107030445993914
543,0.03730658396873043,0.18422487709248683,0.010408296084394742,0.18970314372223643
544,0.11538811005106372,0.2651867086174847,0.16220584476830938,0.30506127581871895
545,0.01883265450027537,0.1341949964511389,0.022952889444496544,0.1591362585586577
546,0.06696319332808554,0.18863740766066253,0.054230802494301754,0.20625121589789652
547,0.0038910798876298338,0.1343725699874416,0.0067085442607976884,0.1377600629316794
548,0.10598163447422876,0.27191264808351884,0.10365819306676419,0.2752106789210668
549,0.05567128794389827,0.18417606017470953,0.11495758725189181,0.2567851236026257
550,0.005494376837581603,0.13782210506806614,0.00929711995319781,0.16708439309323334
551,0.018978398142821217,0.1543736185411477,0.013976084665476222,0.14806983944124164
552,0.07571572595424428,0.19029055670377898,0.12374752528368214,0.20155635507835035
553,0.012923456128152289,0.12902742416467047,0.003930912694913048,0.14887149649651885
554,0.05757421758510642,0.20045878905229197,0.10030468337813798,0.23557944968482283
555,0.007945515027156801,0.1514883046690139,0.012065082324157674,0.1483987034245771
556,0.08176893742682456,0.2467357439866699,0.04935562884942963,0.2166075621729226
557,0.009304311111786026,0.1594257279754001,0.004823091550123514,0.1388720967906639
558,0.01575811783113461,0.14640411446722504,0.009951528171439513,0.1521280102639791
559,0.03242040265771705,0.13999137116969154,0.024102748552361983,0.13363507277396305
560,0.01945966582012179,0.14542502641361704,0.020577979162761717,0.12931982479282453
561,0.009951133502618165,0.1470348282751303,0.0046196669675714055,0.14481260692889897
562,0.16145758178270395,0.29037401923338524,0.18598259647198032,0.3286439166299534
563,0.013709954052661455,0.1167260869478612,0.006994033971940883,0.10537501972716638
564,0.06865995079705284,0.1753664503166406,0.05300515936531651,0.14555237436184346
565,0.0594235725033875,0.19767765188641723,0.056978989689805505,0.17483217057920095
566,0.013021998236990484,0.16991993257608878,0.054361241874776534,0.2210439650716395
567,0.15736051723278274,0.3190956831029542,0.1295162485964845,0.2968034996523924
568,0.051174832979454445,0.17741674863457554,0.02964924418894888,0.15141072260846217
569,0.004390619099713133,0.10147466522566313,0.006533422819244225,0.08716463084416291
570,0.007432727052841312,0.1243252771013161,0.003644969403860418,0.11453347112637267
571,0.09742522478386519,0.20974332294205833,0.06566517794712676,0.2118298283280454
572,0.013991263800576236,0.12828471471826167,0.017430176799750032,0.13146614716130892
573,0.031156708092418547,0.1632774368663698,0.04038466530430698,0.1529292871871652
574,0.07535979946553176,0.1921274267098339,0.06244914071874047,0.2113653530987055
575,0.06623837018277891,0.20765389839888165,0.10750399900730591,0.24268518631428354
576,0.005694493096774516,0.11154636268709628,0.004314665186180404,0.11874136488766342
577,0.03409357805143255,0.15895336682252945,0.026439029821940907,0.1681158298695246
578,0.12680799097032522,0.2583640692380175,0.09366510744854203,0.217944594279164
579,0.08418133668050447,0.20517615025067304,0.0596467064387416,0.19042629274286196
580,0.016875089925724666,0.13387337424896842,0.008355777020012722,0.1444632731970667
581,0.05807242775648391,0.19141646632808676,0.026428592827289887,0.1500167953491788
582,0.16532135705900408,0.2939566856202071,0.21379482550347487,0.3051586815399964
583,0.05802757921035446,0.19963039927324447,0.07519613031221638,0.2293554489334091
584,0.1146361210061933,0.2613378563823371,0.1801966389984863,0.2994768193691858
585,0.05948018248913899,0.18497156029749623,0.03173242434101229,0.15257662538810504
586,0.09598230570036546,0.20807122048697574,0.09591635509020033,0.2011434388158777
587,0.053569660734866485,0.1985956655952082,0.03956982282177309,0.18695263784810195
588,0.005936410660339719,0.14033390277821245,0.003770120397838539,0.14847786745766067
589,0.02093316030672489,0.14736635436091586,0.012758891411929154,0.1253631292719649
590,0.014853922622867955,0.1403650049603054,0.008495750694982644,0.1320720059701704
591,0.00782283829636522,0.11435762346921637,0.003326687617725211,0.09855182163063984
592,0.1472935254215459,0.2543182682634498,0.15004384779970933,0.25991367385619735
593,0.06821559981625316,0.19892206832983086,0.051798444765522714,0.16280138813218464
594,0.01215438508540261,0.12859589295247692,0.004219278426283663,0.12489187087373337
595,0.09848970566240485,0.19819666901421093,0.09697494100693152,0.1941118452207333
596,0.07941497322105974,0.18742295271560208,0.05002467044660071,0.1701024319562499
597,0.012832903616381152,0.11247242443874131,0.012249511949299132,0.11330506700470253
598,0.012028052324119971,0.15001756674778638,0.005365244414913789,0.17866376435937104
599,0.030275474416815194,0.1566224169597708,0.016101965084568678,0.17401220011944496
600,0.0511266109155967,0.17361354255502393,0.05022491001199224,0.1481482172181742
601,0.04260405875360564,0.16099469098407274,0.003064054540144128,0.1572297627272126
602,0.015011247065070494,0.1632951904641326,0.05405382358975223,0.1957052716697564
603,0.014577742018648195,0.10615376338079177,0.01122169082255801,0.11362526385703944
604,0.01412596827924947,0.1292597339389911,0.008233353949778924,0.13133857715326608
605,0.08053945729599694,0.20671369614589863,0.12701810949796752,0.2366079655572141
606,0.009649290551900946,0.15572157901180578,0.0067076947055212,0.15790276924703392
607,0.08046791715098547,0.1700204686055619,0.04794621550429871,0.1735380445433552
608,0.1284510608795968,0.23349292067037788,0.10061888912154368,0.22006744489685914
609,0.058051129110396484,0.1845871757460229,0.03589654576328282,0.15807094855720863
610,0.011011863309688999,0.14320879052011815,0.01803994019895153,0.18935528243434924
611,0.00825103291881472,0.1490528434657172,0.006910857755474801,0.1523256015258101
612,0.06210919551238151,0.16339193670327262,0.05545528615228204,0.16803126962469364
613,0.15461940438343197,0.28477621818190557,0.17989212794368326,0.3024836874209794
614,0.041917463903758764,0.1614137731526055,0.010752952193807832,0.135752505927889
615,0.07525735785048157,0.22269608659137693,0.011395448213965157,0.1543119488927131
616,0.011605774678788839,0.13103245920494908,0.0006752881077074156,0.10802772981921728
617,0.010878258752957065,0.1317247573712214,0.005377947463342849,0.14267292450996558
618,0.10012171042221459,0.2272877485220036,0.10462879559328148,0.23745786135709746
619,0.014982957254242734,0.15901742340424319,0.017640095272066978,0.15823324660130508
620,0.0537008878373963,0.15237677914727582,0.08482897597250931,0.17422716026045307
621,0.06327085081315575,0.18905798178840752,0.06509190020311405,0.18509261908916877
622,0.01182956841338222,0.14999326941074517,0.06746984881857405,0.19494170488786056
623,0.006829442522987517,0.10957724780694977,0.0043829632255168605,0.1323987115070992
624,0.019057888613538958,0.1756528997018125,0.005091673450207111,0.1644539135096063
625,0.007230796779134781,0.11898131812174582,0.007153282103127615,0.13877349575137593
626,0.06693570816664011,0.1717339374914444,0.059664252936921236,0.16898753032405744
627,0.012277091705535353,0.148832623974918,0.004054727335398987,0.12938695240916318
628,0.0038496693843221145,0.11314338967333033,0.0034251898546078566,0.11955049000768601
629,0.007237704213347301,0.10844033266935929,0.012009970367106345,0.11644789381927714
630,0.1070924444674209,0.2432623668921181,0.1233680464671127,0.2513345887165773
631,0.00611406116790413,0.09754851142590724,0.00026838432635534085,0.08577596204768488
632,0.017670198043858658,0.15455990401335978,0.021798862051152123,0.20273350506059654
633,0.06940273322465951,0.19523066610631243,0.057801143350279686,0.21004775052883154
634,0.03986633230865594,0.17548758841716156,0.02267985102857406,0.19081636460901724
635,0.0883142994798127,0.19378307604004089,0.09113895290229394,0.1792908494787895
636,0.10698911310208603,0.24582449620900174,0.12414410659094362,0.24597698217470598
637,0.006427833304276632,0.11612437978192255,0.0033566652582725323,0.10265661966415988
638,0.04700101247970734,0.1656776551588115,0.04408283601844361,0.1945541822629879
639,0.04336010602131402,0.1753514366727618,0.08141476386430774,0.21940584992999385
640,0.039778114980714666,0.14546356318452588,0.04166863007638298,0.1317020403292397
641,0.0054438407838850065,0.1110454066388065,0.008377451419863553,0.15299054312779894
642,0.04592292677504202,0.17324764871595844,0.009245222696809914,0.12178618267391793
643,0.12984134715670886,0.2478874278267145,0.11344229145368803,0.23625827128497892
644,0.056552321674527145,0.20163989066328028,0.04940920470319363,0.1835017341779245
645,0.020980045022111718,0.13652068951148072,0.013151761766049208,0.12184928861075722
646,0.02758040386186663,0.18538305894898824,0.002778699374357786,0.13619937386534522
647,0.04618101102624693,0.1612437565728007,0.04270452000604581,0.16031490248740984
648,0.0907214002425806,0.23359888115683955,0.10552667751567393,0.25626712662162515
649,0.044218100831537176,0.1303263532430796,0.04117885828477394,0.12406988908552145
650,0.048145019782884844,0.14372872362940467,0.03870289652303915,0.1460551434145272
651,0.010634840902426595,0.10966134411436296,0.00042625745950554135,0.10241199068344461
652,0.018939192931586028,0.17666480843489818,0.01562930972858683,0.18691751664760692
653,0.06677113123102929,0.16155174615719706,0.05295802192534697,0.14298082843976964
654,0.03792456689861823,0.13337638076355193,0.004772011471716853,0.12056897597190665
655,0.04053482410910661,0.17498338952274298,0.0006523030819706012,0.1276927463740539
656,0.017377537593234113,0.15468831201257727,0.0072307078109705445,0.1530998533960182
657,0.0125609445663846,0.1309528901916454,0.05400022680681885,0.17921995903974822
658,0.12218092075882436,0.23444463884909392,0.10523178787909913,0.26168737741926884
659,0.06745409190119181,0.1977790541851524,0.06774697036492333,0.18005419443129006
660,0.011336112689343392,0.10488855453955406,0.0122962936174571,0.13849008789161713
661,0.025098988276318006,0.14039713521724023,0.05235388694928136,0.15779602795270656
662,0.07469117663548698,0.19888829629538388,0.12463060358933485,0.22905498713384287
663,0.0309655197159428,0.18971184128036142,0.011338882323208026,0.1610545575838195
664,0.05704859911574134,0.17160480770683273,0.059592761999360554,0.18947229007606653
665,0.02289248236111739,0.17775585338380281,0.010946392998739046,0.17230477913108622
666,0.07795438407426176,0.19080680423616855,0.015325431294531974,0.15410945839670498
667,0.0333312652024369,0.14742736679095186,0.002080456405750313,0.12765566338329024
668,0.01186658546302971,0.12216067985186045,0.01102302625599104,0.11588277380972256
669,0.01883265450027537,0.16909359565704335,0.027195706505326538,0.19508199592139344
670,0.026631569656477783,0.20262735296403148,0.07201394701346572,0.2568871315984828
671,0.018098905639933823,0.14147592436892054,0.01150141129718916,0.13133214945354124
672,0.03360183713623059,0.15947192467132523,0.022610385735134027,0.1417665553602862
673,0.03041061152204482,0.14236665899688677,0.011255148202981407,0.14674623161170627
674,0.17064750489807148,0.2822792047399113,0.21004021410706689,0.3040004384584898
675,0.004997290705195717,0.10983003133871305,0.000183452577508714,0.09566876448411704
676,0.10228917274063899,0.2245356297809979,0.04524766879464913,0.18115561748588435
677,0.037210277917561096,0.18146189505460025,0.010169314653560154,0.15461075724621146
678,0.008583429337402401,0.13463480767959968,0.00721831013639094,0.13292803989494534
679,0.03250400064851191,0.14698504217116498,0.009200223240348157,0.15288602894880204
680,0.20863116779206475,0.3354380252065313,0.18578024916693375,0.32010501011919545
681,0.09431335765778956,0.1984782634701295,0.0719760641894592,0.1953044956333786
682,0.05200204014202947,0.20096433611576456,0.0433277062083448,0.17000231421929862
683,0.012552015820623666,0.13276386770292067,0.004396834090617972,0.11215487429164193
684,0.07613296773115279,0.192676605649802,0.06100355371158665,0.17217504779292908
685,0.004674008226416785,0.14364987267756943,0.000183452577508714,0.11621653555987015
686,0.015830665113634672,0.12076975751199576,0.01558804389997081,0.12441430387597877
687,0.03903293714115718,0.14932125009404612,0.03791482414802526,0.15442520558222397
688,0.03854984906572158,0.19942662138867526,0.013691527787009149,0.21177590769187066
689,0.03541012415893905,0.17760585076626717,0.005737590832027426,0.14877257246778475
690,0.019108858421873858,0.14322213562084515,0.07002025716201207,0.2077707023100451
691,0.02036670578871424,0.1304669827929353,0.013854085931578986,0.17215125777167076
692,0.15431308519988313,0.30740706284005587,0.19380585164547562,0.33646977443390047
693,0.04754663337087276,0.158034666463274,0.0495428378936015,0.16161470618440513
694,0.035143153909450484,0.18784170660995986,0.00822385699504088,0.19352678838746554
695,0.026935737720001757,0.18051055202358585,0.005199575171840878,0.15254993371987735
696,0.1639806989211274,0.2705081507309337,0.21617621199184447,0.3044271962980276
697,0.007003950717137445,0.0910269290472934,0.010061581123818657,0.09858143251990074
698,0.012551775368653427,0.16464141073344504,0.001845980106849672,0.16229519666494546
699,0.028618202392915414,0.13244956167354635,0.01722352074004997,0.10768005268373579
700,0.09443516539110972,0.2625286396149049,0.047828206213540204,0.21624053628719725
701,0.00413440185409758,0.0919171499880014,0.0,0.06948647063437743
702,0.1160108545399868,0.22524865596510796,0.11204397907109055,0.2262610212565301
703,0.03584601738179936,0.15079105502615658,0.013461088406743642,0.13173696616203778
704,0.050708180552990936,0.1968628368221149,0.09549237861281176,0.24014421262565622
705,0.08215229879296404,0.21465001794791527,0.0547563634757236,0.19834218210580246
706,0.029186384855298748,0.15203769794735594,0.006524482294185905,0.12194441913315072
707,0.01411143341005271,0.16819150371929686,0.06700433114287331,0.22436207012237616
708,0.04233797755479967,0.21152210754557138,0.04148986438790203,0.2263432019824197
709,0.08648785988511895,0.2553043972039338,0.0638593905682715,0.25935498848939476
710,0.004953144745587391,0.10824176288478173,0.002658802242597692,0.10194092667155409
711,0.04617343758477977,0.19637990392680216,0.0426843178934601,0.1803008709827778
712,0.007536423342127691,0.12381405443302153,0.005123356781515273,0.1386879235262141
713,0.0432533208398456,0.1391238326236928,0.04332844925514557,0.1432800172390386
714,0.2381446372782427,0.35491800527779926,0.26154967257286776,0.37897514984016545
715,0.009064123538902968,0.13164935942981418,0.007104290212971805,0.1349135325703679
716,0.005755089976035233,0.11833627696966383,0.0014743710395884308,0.11104938315310287
717,0.07323895076918314,0.20470661144775368,0.05017413111347523,0.1963797627079808
718,0.01490894164596748,0.10696711173679038,0.012372643540021098,0.10908534961970096
719,0.05219223794717927,0.16475821518306163,0.04349587204680049,0.14982321052135425
720,0.051470846901533945,0.20336465352064653,0.03576522440927538,0.18331385349010657
721,0.06636328244920374,0.16018689540936265,0.04714967488320147,0.1561111390580418
722,0.08260006596855293,0.19549942008447432,0.07166573031578728,0.20687053409204129
723,0.06432020727635009,0.18218644163252595,0.04816637264939314,0.19346850051003522
724,0.04165734652753716,0.17644232567623494,0.018231219506404425,0.16433198881914393
725,0.08959754118609717,0.2643976863429698,0.027483812527067636,0.24854758462809767
726,0.04790619250026554,0.19024416456153048,0.014266477963620275,0.14183867082002516
727,0.09301034634023905,0.20486186829534128,0.09018609129160038,0.18289811945460796
728,0.06746912218804305,0.18435390482087513,0.05566050759946155,0.1824363756853144
729,0.07573593070959128,0.2033588489155152,0.1251678005136307,0.23325145885454845
730,0.028539148458315095,0.17355736071509,0.009157547735551726,0.14918264120333238
731,0.005621528366352173,0.11364657208107039,0.002301984620617978,0.10592369366577263
732,0.033314120709502654,0.17541422726222888,0.016380169592477747,0.1809437931113477
733,0.01215300834699364,0.15810895142926343,0.0016745828766289122,0.13670018994253316
734,0.05762814516119403,0.1572869306362392,0.04954215371483203,0.15882506519491088
735,0.08522914451006723,0.20024197015041612,0.08486856551433238,0.1782537564917324
736,0.08341293026234271,0.19213684006868312,0.07229745927839266,0.19670528737959692
737,0.07203909390728075,0.1867830427854478,0.04072597926137123,0.14321423065702452
738,0.011444470525365909,0.14661781252415312,0.004642940831280485,0.11931346600707676
739,0.02048729543462737,0.15096201386239683,0.014486510381845636,0.1830769806055839
740,0.005111750259885981,0.11166634500805789,0.0011611284928255475,0.10745843323303175
741,0.07087294673714015,0.17338588957425383,0.07105925787965871,0.19385511799682775
742,0.007134583839207171,0.1409655111915912,0.055938394474947035,0.1956378141393304
743,0.08879555527908126,0.21769737864510375,0.07921908314532657,0.18945796367493306
744,0.02483944741943818,0.18736105755069044,0.01986684600457865,0.1894537114387455
745,0.009918631054344174,0.11574923492436516,0.004346033179153684,0.100797118891214
746,0.05450313053233403,0.16255834611440284,0.05143519122659777,0.1803800127359957
747,0.04215259112661083,0.1656786888429865,0.0008824216923796166,0.12444550745265721
748,0.11939501861985002,0.22317355181949614,0.10796386746369066,0.22508367545355384
749,0.027960063045050877,0.16338754169134811,0.002677927358234264,0.14484047739028708
750,0.09182748001035365,0.2569003406403241,0.06047714311964594,0.2247869605024135
751,0.01584789428123572,0.1565873928870714,0.013989181384113696,0.1745324709189113
752,0.007889910440584604,0.1438545261369947,0.01220591150889168,0.14827521301418406
753,0.06876776671313643,0.19285089613544562,0.08034868982949012,0.18412135710749544
754,0.11053816910967393,0.24124370362465714,0.143404498377589,0.2618085108255008
755,0.059794862814322475,0.20279755537584568,0.046131520136402926,0.1655120133148295
756,0.08971594558396066,0.1933907191814077,0.13589521298714022,0.2193998405416809
757,0.004322941538518583,0.12217814628353958,0.0019709253290086113,0.12324108588000696
758,0.012231185428492856,0.1465679078650002,0.005940153001825269,0.1381710999443169
759,0.01609284639387513,0.15974210886263887,0.008707276059639394,0.1664946278838123
760,0.012973053813657633,0.14745374694272706,0.007351130166090931,0.12976997019249223
761,0.06274643491711072,0.17269141435017552,0.054850516566601684,0.1808966253703485
762,0.10819598761429812,0.2247762762630996,0.16017689461099724,0.24075804536753875
763,0.07102550629706117,0.2365744621031082,0.06207698223174573,0.23809761990064549
764,0.008785416738457038,0.12794598167049362,0.002372833191247514,0.14382554127468936
765,0.029060415679955955,0.1702432862724504,0.004000552659576917,0.14506741443023782
766,0.10936693525746999,0.238754894824607,0.12874517238096259,0.24050860298588445
767,0.09924472180072424,0.19889353516950517,0.08020821456861901,0.1965484350491976
768,0.018810551621746278,0.1674613976057656,0.04910629751188256,0.17245111116125986
769,0.007317759890108149,0.13145422085793465,0.0014982004795921365,0.12660243235035348
770,0.09756682408005629,0.22654552031817077,0.08457575784238286,0.19572392566782928
771,0.07631830220278138,0.19026926949185932,0.1287957297907698,0.24684414618802808
772,0.0482496413981687,0.18162416443436924,0.04991283812273537,0.15435565982029584
773,0.007558731676381747,0.147901577808248,0.005713964516114832,0.1737807158287774
774,0.04985716550219842,0.2218172981848165,0.00665512956509299,0.18328708843126612
775,0.05656358678508166,0.1813831117872542,0.10156696006515181,0.23481863228981242
776,0.050069352804577756,0.1631146524654998,0.04431109934511838,0.13536269654188135
777,0.022341587700402815,0.12504951832515573,0.013669360109734506,0.12687231717876565
778,0.08327601811720688,0.22086043619025444,0.1393607769990439,0.27377330659972643
779,0.0042399513202608565,0.10046942936805976,0.002702867689291355,0.09011156215721566
780,0.007358343864891493,0.1123805417551965,0.003361637403247372,0.09218025436306498
781,0.027648871048326227,0.1455210231427989,0.04099360453217204,0.14070566475779214
782,0.1321824191295399,0.3003704099400675,0.09462238029776618,0.254457831136423
783,0.10852795726303661,0.19645415589608514,0.10364245824519866,0.194911229690846
784,0.031129426414577065,0.14180215224282544,0.007281557073321204,0.12455479707429945
785,0.06484770246959438,0.18285131057239798,0.045292410238213045,0.17611845092830158
786,0.06500288090240708,0.17883203556059632,0.06107698582308311,0.17108029543590436
787,0.07690817212386114,0.18604040767356375,0.11163629488893125,0.22784816961700866
788,0.0048985537735542,0.1298853687636994,0.0019566314167399563,0.13491794934142914
789,0.05586532034567013,0.1956095142002511,0.043615573093836325,0.21150218339987037
790,0.05397649245187238,0.17046906683067906,0.051155897483210845,0.17856589591163202
791,0.05191918015521501,0.17574393677201894,0.05162133528882277,0.17292567198433256
792,0.048347543605245805,0.17794886343107527,0.034071446897439156,0.14749410222922527
793,0.17380481622927743,0.31845903232782496,0.1845038910501825,0.32952606049479016
794,0.01880950219668874,0.13253954578393787,0.0055461452549702235,0.12086731755806132
795,0.11258662215207856,0.24837603150036477,0.1417439089338575,0.2774969576438754
796,0.10263455060056731,0.22086094978008947,0.1473921344925523,0.24723499446588865
797,0.08125813762087378,0.20448163348253354,0.06087599656230726,0.20587550856621809
798,0.027913859113498467,0.15084936987386613,0.002926606196452039,0.13097587408652228
799,0.049177244018084626,0.16784170369356213,0.00786569462550326,0.13103685094187875
800,0.014872319108203113,0.12388376967687072,0.006724521980348755,0.10948066877863351
801,0.021330744898891106,0.14203499475965586,0.007217374335269175,0.1368585552190828
802,0.00844045462542024,0.1074678641517371,0.004928265297423442,0.1019648017035319
803,0.04720876174869931,0.1521756968253103,0.05816902458717406,0.17048560976243818
804,0.04503793900425905,0.17187143993281384,0.03960957480301815,0.16162958031972907
805,0.09314619257905912,0.21640615119247517,0.14233202501468584,0.2526972548679868
806,0.05236297082809197,0.18398797819140617,0.04899982446283562,0.1677295826556406
807,0.006385791333699392,0.12166935727021383,0.002767414836219028,0.10372812471226087
808,0.052807157225992274,0.18619923540532105,0.04517878393639929,0.19877468127650127
809,0.018139677671148467,0.15174981129003146,0.021434760443708924,0.139778379474682
810,0.019471615090119503,0.14174591393761282,0.021403100931477556,0.15892700713543279
811,0.016123698686524413,0.14502550137030742,0.007860942548899786,0.13204979304975653
812,0.011725351205223743,0.14929481800622574,0.01132000996503567,0.14692329500654483
813,0.07113231951564666,0.18751131874091,0.060336465773635446,0.1689913863768878
814,0.057847996836997095,0.182231037953533,0.052230857877689794,0.171906160297542
815,0.00755729491967175,0.15245912232413025,0.0017533835825083739,0.1532525383279972
816,0.07524521769144746,0.20676825352474093,0.016906684190272143,0.18071775512998164
817,0.007005294360540744,0.14093972167710977,0.009331996262099905,0.1683917440820909
818,0.006405039199947774,0.14576000845957535,0.0044478578120099,0.13863715388467898
819,0.013979916845030166,0.1373304988642863,0.013401499186160709,0.1371632875765298
820,0.0067629376807194835,0.11627984870980376,0.0025333971669627368,0.1205201007882408
821,0.0340910961069349,0.18344769630624683,0.011477781278553097,0.16568380287499987
822,0.15814351144091374,0.2611088023928889,0.220390931310436,0.30554815295561666
823,0.04456303934123442,0.16222280118060647,0.013630089699070853,0.12219297065690607
824,0.005090626983455485,0.13289409920110437,0.0,0.10471638611341974
825,0.07087972913844179,0.1660640907434751,0.05257349596537343,0.15309172169142923
826,0.0366985383400845,0.14504321871279016,0.0036385405356263757,0.11829279108191812
827,0.04505684725628263,0.1736086974150444,0.04571437523956769,0.17054146875034454
828,0.06096131877464033,0.18018977128899336,0.05242679071732629,0.17285117908506606
829,0.06807517188296304,0.16996302657181434,0.07456496954964739,0.19534956320507937
830,0.10634550226325125,0.21297091914513064,0.09214839684743427,0.2093068274469909
831,0.04915339952412436,0.20420642286253557,0.04543775792227159,0.19332675238846353
832,0.03791235371071472,0.15702319565706654,0.006662282229824668,0.14928314459642308
833,0.0674188956998514,0.21165934113364523,0.055431577152078006,0.20369647651034184
834,0.09564206898645516,0.24774422020941564,0.1342671691902602,0.2385265683795174
835,0.1278621765225132,0.2650420685355559,0.10568347117446288,0.23967415844576861
836,0.05018768326643457,0.147009193668331,0.012943784975091152,0.11255334595077514
837,0.09777047057065637,0.2538559980179677,0.0717489340590269,0.26192758975407504
838,0.040877405116714206,0.15018049237301864,0.016031323845705447,0.13945583036108133
839,0.06836034664806084,0.19524184000480133,0.05166929873883269,0.18640009493870718
840,0.0044840174505673845,0.13469573052960915,0.0016922185285626803,0.10404999098368317
841,0.14151683071158055,0.3070328063565346,0.09424596699942223,0.27408170337790644
842,0.011405740497033977,0.13332525641568987,0.0002787068004459309,0.10414973001941469
843,0.006728632897140857,0.10709313408067293,0.006043834379579999,0.11496327956810815
844,0.005013557864327759,0.1066772776144303,0.0027858969674826456,0.10415596153076982
845,0.035767456747082135,0.20648895383436774,0.06589052709295015,0.20764499048095872
846,0.03203110367158945,0.1395753539929331,0.014482700175858067,0.12718171636567613
847,0.07834276597643594,0.19417140699553084,0.057695991419317895,0.18815458045612357
848,0.060463571431555924,0.20006200762517262,0.038859702832121326,0.17525466435150255
849,0.051391870977655345,0.15718987433809123,0.05055365170450989,0.17455339950572002
850,0.1298127399990131,0.2747028944757266,0.1066537824452511,0.24489836027337805
851,0.09147386757207708,0.20613120473818924,0.10002623961747488,0.20287578616048715
852,0.048107980781834835,0.21861896377720735,0.08531511415550982,0.2440299302858758
853,0.024923784522801185,0.17325041781312966,0.0040820249909871605,0.15246952519611578
854,0.06878240545211474,0.1964040055357563,0.043117697200621974,0.15977079028000937
855,0.05049876706216196,0.15878423548899134,0.06100462323912379,0.19123348692930053
856,0.038698267823891165,0.1484308823165441,0.010088387105733034,0.1424177036796713
857,0.03786576257991885,0.14746202919133014,0.00326817783061157,0.12603670529086541
858,0.1333653817774413,0.2595862813048182,0.0977689191074519,0.24792082643212773
859,0.009421301473734153,0.14463163177739588,0.009498458709610224,0.16978672833238714
860,0.06929123360277574,0.18753799012548827,0.08373591074593159,0.1772220232523368
861,0.050307030358340346,0.1601939831382549,0.049202520801397635,0.14560521631173706
862,0.01709835494253418,0.178704499797901,0.002358922665229231,0.16854158886939363
863,0.016422134944368477,0.13455886500410527,0.01073468990133592,0.13513855934269103
864,0.04563120041888596,0.18385450985376028,0.041299893680750974,0.18447685607269002
865,0.0691207080593786,0.1964153717701126,0.09363703474473013,0.22264043277599413
866,0.08354238282124338,0.2104584544674358,0.06379496174396052,0.23202036321954914
867,0.08059370537525176,0.18670869051616337,0.07394560518984586,0.19613162266162304
868,0.18431868287118333,0.28292516846797855,0.2210911958997732,0.31474512057699955
869,0.06313634920598346,0.2055282480267474,0.061729704408950474,0.20110443757971158
870,0.02291605337719005,0.14474659734313117,0.014109126700414925,0.13434987477390067
871,0.008452575901918261,0.12700801290610012,0.009011701852608947,0.13773053629893967
872,0.07555032903836781,0.18100779291305336,0.059081116651738604,0.15180570659528686
873,0.07330139952946157,0.17765095424698743,0.1248939009418732,0.20976766244409267
874,0.01307665253086326,0.1045918457622691,0.021262443484721626,0.11230785504720403
875,0.14211258630907347,0.2499552226609041,0.12850592322449206,0.2648640393570502
876,0.0904827013982016,0.2184206812289073,0.0981473558797736,0.22686573767348878
877,0.006887659594364341,0.09895356945710773,0.0012727022564667032,0.09179958348938358
878,0.008624142372562352,0.1190564099581805,0.011038460140689786,0.1429459053174801
879,0.046444017798947884,0.14990291365497654,0.04939479190575981,0.16053564368869216
880,0.02415683456588399,0.12683053439335962,0.014975571572068209,0.13360532790836532
881,0.09386526729530315,0.20185583012972697,0.08595975690477523,0.1782548319517618
882,0.01365041416490436,0.10983855577747575,0.012340813519095325,0.10669218106836996
883,0.024604882057219654,0.16281188593941665,0.02923387417869456,0.17139312044642732
884,0.10201068892703764,0.21264324874835488,0.14612715316038857,0.243916310952499
885,0.05612119918005599,0.20073911882156334,0.05274530217708367,0.2110630497439047
886,0.01600990838920101,0.15242149459464766,0.004100295418955233,0.11729531628806748
887,0.05523727886980519,0.19932109117191743,0.010327009703371087,0.15899227626915916
888,0.0038600919173543097,0.12332987422156869,0.000183452577508714,0.1002318566624098
889,0.006299512172811932,0.11218441173713734,0.0047028844982809175,0.10263742686495346
890,0.004867282162231214,0.09976391593515654,0.0029086447496296077,0.0938238563213849
891,0.01514989018332249,0.14205837970567228,0.00721258494631665,0.1258575261027182
892,0.05772139072336043,0.21923683526806298,0.02959712079564032,0.21893509644685474
893,0.04847428802205447,0.18308544262583004,0.014372693347646124,0.1737127439343593
894,0.21257547527635393,0.3296985004273555,0.23772245826435334,0.3268541623978596
895,0.08641188279939319,0.19612413943578505,0.08542815230725324,0.19260732307423764
896,0.0714836165134638,0.19150399948397503,0.0678444862683839,0.2037939759140469
897,0.0685097472294278,0.20205221653477795,0.05883048956349301,0.2043594955414944
898,0.11739712308423686,0.22276117675527685,0.10190581303763635,0.22118982697614503
899,0.026958349333951345,0.17524559029601647,0.015257797248043768,0.18052567521769977
900,0.03619047209167965,0.1686328750976009,0.010909020564463282,0.13537613488326875
901,0.0149931929524825,0.15628278334975038,0.00929394304690242,0.1445932887645522
902,0.13423623917645064,0.2504492445748993,0.12941480261615212,0.22523929806831827
903,0.057458584519683054,0.18020310338360515,0.05112941402655704,0.2067771909693674
904,0.026974800027848356,0.15205931841035325,0.020577979162761717,0.13922943324156972
905,0.06326857959446326,0.15707066762881178,0.05213539302688182,0.13968983388799597
906,0.008823370547665707,0.11935879976766517,0.002602243372203315,0.10869183845981167
907,0.02340493034550368,0.17297927055313903,0.008216653709742627,0.1338299985106543
908,0.012192123245627143,0.17264531504726569,0.006751943461770238,0.18091622546668062
909,0.11143695202754988,0.24691088929852487,0.09274164378102402,0.2349968466499034
910,0.019715181172543315,0.1758404812000343,0.0049953952330706545,0.15724137948757178
911,0.13048610561029042,0.24924604491953356,0.15580933946120187,0.2783241025463199
912,0.068943903958822,0.19209754953775268,0.046543608071117536,0.19541050370177981
913,0.01945679448371832,0.16990260090160672,0.004860192325889743,0.17653329515419564
914,0.03177980746515696,0.177741221227848,0.05447629637498788,0.2020090534722043
915,0.05432561243159939,0.204964549211824,0.0442988160364391,0.2002416067228454
916,0.06072195245219653,0.19547411937844372,0.04854492798845488,0.18108133839421078
917,0.04174079020517169,0.14665976505420664,0.05142016663368769,0.16500077780701727
918,0.06420625331756509,0.18183646881165583,0.024812632724683717,0.19671849895528437
919,0.11292811453282739,0.2309080488242973,0.09269593594267533,0.21213768097153887
920,0.038944767913382035,0.17711560885783986,0.021170519565092142,0.17655935523268465
921,0.16435703309912605,0.2791476223976919,0.19807883646023827,0.3065652868496264
922,0.007056676016916712,0.11974515386499422,0.0029575842292082237,0.11437024737783498
923,0.2132047628102784,0.3007301688707123,0.20219971951600738,0.2987537831573515
924,0.006914896699189316,0.1437086451562268,0.01016471900237138,0.14886773139163487
925,0.11393982859277177,0.24054731517397993,0.10236507364723646,0.24089751167916199
926,0.10971078275808684,0.21816326380333795,0.1037720342830853,0.2116536234022919
927,0.01276303021461108,0.13795893067188308,0.009350698195284005,0.15128051797257142
928,0.02103837442136765,0.13704032165188995,0.013602907351915272,0.11559504663251527
929,0.06792603707227103,0.19535011052361187,0.050700257260332914,0.16330046833621253
930,0.10385739622485132,0.21822696771917066,0.09772671431992519,0.2125034897936491
931,0.07726496502699029,0.18495227032734088,0.06566211001180257,0.19019854204768077
932,0.01189536377756972,0.1414182528763726,0.011392277514313619,0.14368802211531448
933,0.03032599813270586,0.15861789416777627,0.004785118995992686,0.1422665807391381
934,0.03686130101774531,0.1570213318805997,0.007870103847472209,0.16106793614171838
935,0.013066609777039178,0.12841794688685812,0.011143024221513134,0.12401311333777373
936,0.010126654412081128,0.14086477008567624,0.00493261772475107,0.11522309706688913
937,0.07266383948818501,0.17673103475607133,0.006449153500071897,0.12457958259024111
938,0.12430371230086006,0.27513274570062624,0.17360567894022627,0.2988261948832459
939,0.029300922200368316,0.13388917844653592,0.02082175794392434,0.1508110470954803
940,0.019317972565636735,0.16215212224604733,0.10161547567761575,0.20889113597271391
941,0.0662176670355075,0.1604919459793265,0.053821821382496804,0.1648997583589038
942,0.10400053503207199,0.26193391738440697,0.1702640541767114,0.28525778399918494
943,0.023946802051445146,0.14460218048728207,0.021639445614084374,0.13162733661789872
944,0.04365084779417883,0.15304799762873653,0.013444502297881565,0.1357597080978542
945,0.004195010437175811,0.1017932048133433,0.004491585152455125,0.09757900868859598
946,0.042933671491596395,0.161240599402316,0.04656055343441021,0.158547489327903
947,0.03699838680417321,0.1410396056250287,0.014892946590289838,0.12116790682722364
948,0.005790523127140903,0.14232204031374254,0.0022282275311104726,0.15316903563485249
949,0.11830724663793687,0.24733237965773866,0.055832676115452236,0.2197682948726088
950,0.005754033089030974,0.131831427248791,0.003361637403247372,0.1077957642132011
951,0.022829229693054273,0.17244572842036548,0.013977150472470059,0.14720821230045142
952,0.0754598557321072,0.1902786998149361,0.12638957214917412,0.2273265923150494
953,0.11666120976987521,0.21140942229763465,0.10867695909118763,0.2086232361869493
954,0.006259972498043196,0.10963636935996454,0.016636188733835374,0.10643880036605287
955,0.019768203855271088,0.14074115749459767,0.04461844761045157,0.15497126358969107
956,0.08196966423461657,0.2551792789863106,0.11060403251883724,0.2746324376352065
957,0.07271491151055427,0.1959006793023711,0.12302793474592678,0.22461344890457463
958,0.011417359656159603,0.11494905803973615,0.0033830708795645676,0.10302483829616228
959,0.005891564265184835,0.11180366138813672,0.0027168838549912716,0.1018122788422555
960,0.004906914798158909,0.12489887091811432,0.0016038187524478277,0.11711078701411477
961,0.007509764635123198,0.13964779537109956,0.007140268482532113,0.13131707086777705
962,0.013898758888468732,0.14145899824864713,0.0074202914314464245,0.12897859858099606
963,0.016100150059846795,0.1552728790546826,0.011693723575367118,0.1339029787204254
964,0.013969233310807107,0.14816645542225698,0.05533147561019429,0.17441689646057182
965,0.014973410260588281,0.15713868900107164,0.008701562625683279,0.17746029027468377
966,0.07287407783534781,0.18532218384368887,0.05236036723562066,0.16197851417850231
967,0.042330892296158246,0.1710394385830837,0.03870710483867843,0.19752973409938912
968,0.10859437949079388,0.22030138486438636,0.13639959643398375,0.2556021082443992
969,0.013021567937777735,0.11746078445326182,0.007471315152838351,0.12071211598818486
970,0.0655861892257051,0.21399303113040366,0.04603874125583806,0.18656020552777713
971,0.034768216120869735,0.15244234406417784,0.012195222373578278,0.13040131882768813
972,0.05377593562281854,0.1505320199022906,0.049075091637673804,0.13646850623250073
973,0.12653828305355527,0.23857149209545944,0.1835170110887267,0.2835481898887832
974,0.005811036776613821,0.11372477560888782,0.0013975155279503104,0.10963237923343798
975,0.016202781438241137,0.15654245912307002,0.0044462402356123965,0.17246196263188868
976,0.06983732454354745,0.22090148936946333,0.10801493039562253,0.24615767514466347
977,0.0441147756742739,0.15962115273821026,0.006771976748746583,0.11565124674228897
978,0.009210100792970998,0.14736176421417893,0.021018676585463882,0.17880822378467598
979,0.012760735747877916,0.14808822568890795,0.003144740351688348,0.1416818801069135
980,0.013254075689064837,0.1148185115709932,0.0044736069043809275,0.10167743596723158
981,0.12186164142112862,0.22449439823502343,0.17110979181688646,0.255577758619306
982,0.011678741986252494,0.12855801382430296,0.008131496117626466,0.10847605868509759
983,0.004105731809272757,0.11854783106041428,0.0019120802220401669,0.12275769425046398
984,0.044529361737875146,0.16951154474063068,0.09569381313187798,0.22408330981836122
985,0.0891973800552829,0.1990549801787394,0.090410979756949,0.18635703389672678
986,0.0861483332537012,0.23287297161887272,0.058142664692807766,0.21674302535373188
987,0.01857385532843272,0.13765055340993523,0.007869138846436525,0.13794723548142546
988,0.01843281365342339,0.12626972884537171,0.012122666221163137,0.1179127436775831
989,0.15141228503303897,0.27361400554437965,0.15132991211014762,0.28477835914434274
990,0.009160050572715435,0.12392692123451439,0.011881892990144477,0.13690788984421381
991,0.0718344818468303,0.21843584571499178,0.05078457321161448,0.19901874213501475
992,0.027531623523723712,0.15726649464519996,0.0304048736678889,0.1844948911666242
993,0.025499659077758866,0.17560419122475587,0.0762528998937716,0.23003712933702208
994,0.04509419550968286,0.19063573134358186,0.10089994723284228,0.23454457772523543
995,0.017313369547462633,0.1576133421561702,0.005272381523137787,0.13517421873270832
996,0.032963561161345425,0.1721853167148856,0.012320958394655957,0.16978420889596113
997,0.028266299816230044,0.144964838623037,0.0010351966873706003,0.11657527465803617
998,0.028839617727007442,0.17035157547125127,0.042750522853695384,0.15912971231924536
999,0.08284276855164177,0.22310219204771323,0.13129167270411657,0.24789392424481868
1000,0.1220006293921828,0.22872234144700634,0.10716987474920556,0.25184299188394116
1001,0.06125875316809682,0.19740566912910318,0.040141860422310154,0.1554124036933229
1002,0.06908811960256776,0.18245385878372955,0.056664083624857274,0.17595309423668215
1003,0.006377215354487456,0.13602998749664064,0.0030124953536452143,0.1415474837238789
1004,0.00947041335434321,0.1259788964732899,0.0003875758679761563,0.11464536044190782
1005,0.05204970291889857,0.1726442986243737,0.09009765505428802,0.22689579366567247
1006,0.00396642648196377,0.12684649425179217,0.01569143113605774,0.1537773164388699
1007,0.05820981316544773,0.21399669946535804,0.05911707736940338,0.21267502509474256
1008,0.009891091796846274,0.12678975257616096,0.0027981574073825456,0.12947357679356641
1009,0.019713997654610245,0.15622648137467093,0.017650315890437206,0.19029562578015785
1010,0.05100639769469336,0.17863790553021577,0.017722509556367585,0.15972664139083279
1011,0.04290851084665292,0.15622334698630522,0.011381823388961997,0.14456367920046595
1012,0.012674069853259393,0.11869910775833617,0.010466160840035451,0.14112009949054283
1013,0.07994318933867897,0.1985915698165312,0.1289197679373032,0.21409493286756504
1014,0.10379051323595319,0.22430537591040273,0.09772719282293718,0.2318247777583643
1015,0.07553477883781803,0.2119484705905984,0.12200402259669495,0.2299400623330205
1016,0.031085586714469295,0.14881912691051183,0.049472196768497144,0.1705899124486664
1017,0.07959704414086481,0.20325570067808973,0.052796036517184175,0.1706793906404858
1018,0.14389381784036903,0.2855898996164657,0.17190847545344246,0.2983627187628516
1019,0.03006358979703683,0.15075052551697318,0.021236826110640393,0.18769055415825459
1020,0.02137594299363001,0.18623209304895366,0.012185752331953821,0.18492934007184658
1021,0.05158221103964263,0.1621084077922319,0.011373278619061613,0.12423946817895265
1022,0.013588435119457771,0.12497038719445436,0.009706489133314148,0.14490596585590237
1023,0.027995937141721754,0.19677568455304775,0.010780815534030992,0.19190229343771284
1024,0.045264495174070066,0.17252976758848704,0.009830589326267174,0.12218114929136219
1025,0.012236393539376611,0.12531727797009307,0.002139406487232574,0.1198353817543748
1026,0.056619378816287855,0.22261878023154094,0.09667948255138084,0.27070609834396153
1027,0.08007261647622532,0.18253291335322164,0.05803701313383953,0.18122786121084605
1028,0.06127031061254473,0.22696115896970329,0.05123497796189308,0.2268683371574377
1029,0.12032743780591713,0.244728718470728,0.1379649080525413,0.25333006942188036
1030,0.06092204915810641,0.1587014034612702,0.06036140477972391,0.1647997299315644
1031,0.025310319329710163,0.13619257775960705,0.015376061200803702,0.1395205833428287
1032,0.04337402010951063,0.16329982644646981,0.04374064926610798,0.14138007521939794
1033,0.013017671749906314,0.14705630329535138,0.0023387777010965417,0.12640517238502874
1034,0.057436426196686305,0.16148660714361648,0.04997797268141166,0.1531747019089362
1035,0.08759123363527775,0.2073566823129107,0.0762484234359209,0.2320672324473622
1036,0.10474052702558478,0.1949459439301636,0.09064601173843959,0.18573393963502569
1037,0.08125001606428868,0.20638845298522482,0.046611726952810024,0.1813459028672319
1038,0.05025798822345022,0.16743098388366734,0.048676917209714426,0.17655109457515114
1039,0.015322878139929809,0.1269128713438286,0.008851496525620934,0.1123465390548713
1040,0.10184547985672866,0.227050327059365,0.05308792211038083,0.1963259878205399
1041,0.06485884903231658,0.18284839739960002,0.05119294659220869,0.15266144991320238
1042,0.08322847137817665,0.21152481834340017,0.16579934598877002,0.2780509277437265
1043,0.06131172550954447,0.18394931704948117,0.05326318585122664,0.1715556968758926
1044,0.06688183242634849,0.16879801322898988,0.05323345891463042,0.16637806775734537
1045,0.008420593359473056,0.13691089358299444,0.008474578941761861,0.15877137949965414
1046,0.10552655635502284,0.23321994220660228,0.13144173042910207,0.26775335110817056
1047,0.005969294300604967,0.1197851469646857,0.0034300814517140843,0.11483014371558102
1048,0.01348878421845825,0.12000159582523669,0.018781390500118914,0.13377195890575436
1049,0.09547353248584038,0.19525632260878964,0.08793458828710582,0.1943783557663954
1050,0.06431261325922527,0.17880280002726337,0.03326940341471749,0.1576666351664331
1051,0.05938983883236894,0.16206574557310305,0.020999803714542215,0.12924471993276235
1052,0.006791647398556676,0.11216488919766843,0.003016342742509213,0.08931298227069684
1053,0.03620921822415356,0.16764510007201505,0.08389539135167788,0.23874952488386342
1054,0.02436644600802605,0.1874677639885874,0.0608748318472094,0.25154129828866933
1055,0.015145019021763973,0.1422892493482223,0.01625646252984501,0.16744546845174196
1056,0.00757160243994938,0.133815522986877,0.00584869674353104,0.13777132137909637
1057,0.04695869492697846,0.19285979192190433,0.10193205241541152,0.22921926202354478
1058,0.08720235079576089,0.20315905057936268,0.08825006355720649,0.19717061854594517
1059,0.027200355058335735,0.16811843984968478,0.010813826868028509,0.15160578094653324
1060,0.05953636351894036,0.18784773021893938,0.06377506152820969,0.20257904177877667
1061,0.04785880647398301,0.16993846067961596,0.04600189730467945,0.1736281102631977
1062,0.05879761498374605,0.1955522215018682,0.06228448699075742,0.20767242344066933
1063,0.014649744945833982,0.1613529548404372,0.047242785920694225,0.17138301660952832
1064,0.037818585795795605,0.18942624717221512,0.0440020108819398,0.22553323238223508
1065,0.05389257031982432,0.18514375647265005,0.045888485523214416,0.1781698340971341
1066,0.03399858945396811,0.1579300975743923,0.017846067081712203,0.16974989962559744
1067,0.033177101426368406,0.16021375667395563,0.02141891826740162,0.12785747075833714
1068,0.11996168491366282,0.2213341169988178,0.08788110148187299,0.2052552550448442
1069,0.11131111810949432,0.21048298291407588,0.09829596166645639,0.20033315535583637
1070,0.007304906193217719,0.10966024159376882,0.003667687810910317,0.10297601113676788
1071,0.03667799728099788,0.1751421416628802,0.009627869132037026,0.13531851226357355
1072,0.01034051857327315,0.10668632586128024,0.0025501393880112996,0.08421284011743849
1073,0.03454255772508311,0.1826102083462253,0.018715380394054983,0.15276120989384975
1074,0.03731633137556195,0.14051811791272792,0.0040992512275147275,0.12133040202905673
1075,0.005849629864530778,0.10176902258094657,0.009835966931649408,0.13165524015641197
1076,0.036655055720603735,0.15848315868037344,0.00046300379222153623,0.11250035082733163
1077,0.042248762289709044,0.17275005489729742,0.05225515072469905,0.1564753984535921
1078,0.013609856010956512,0.14679972354838675,0.006994033971940883,0.12773476544453663
1079,0.06854040270777638,0.18965472837332856,0.033531209641739355,0.17728487377650817
1080,0.0880795176396168,0.22657084091373902,0.04988755373921724,0.1789234591987122
1081,0.004598272687449117,0.11902424763212266,0.009959713034285856,0.11412729777075185
1082,0.12524517946496339,0.23874609528394727,0.17449663975720567,0.2743410808032118
1083,0.26420259009462044,0.3738469782004543,0.25557963456334853,0.3798426657682756
1084,0.047852050605815315,0.17587557512492455,0.03071302507532823,0.17988162495639254
1085,0.01069764118536997,0.11986349048063484,0.0016922185285626803,0.09391691258821155
1086,0.016221737086122383,0.16768742078256305,0.012126338684517282,0.15340023503508227
1087,0.0036969805087478463,0.14447778382826082,0.012224898525822333,0.12753860448601825
1088,0.026693540267843992,0.1549907309624483,0.018045756065540906,0.1498621493466257
1089,0.08314259140632681,0.21193554525854538,0.17326850901823054,0.27389105749184606
1090,0.004600937634767605,0.11378073002470172,0.005121191056441636,0.09150938919756284
1091,0.1011815803533388,0.2351826754226731,0.17263382627259,0.2923771172297294
1092,0.04338847959275026,0.20651325118535582,0.01385482195779272,0.1931800209016954
1093,0.008611269046989537,0.13512470904841156,0.013855914547530334,0.121605473765952
1094,0.025203597553466725,0.1574971869324974,0.009492902216358356,0.1507533205515175
1095,0.12846235504039719,0.24162522107670925,0.08238616990582866,0.1961309397430759
1096,0.060905997974498645,0.1781042307689409,0.04032360691508353,0.15493229979633844
1097,0.05250715464776027,0.19307082733510336,0.04137677026913733,0.15931166453904833
1098,0.02302853108620079,0.1143018949040637,0.016008786920566672,0.12681371869333535
1099,0.03930929478157189,0.16505544309965356,0.008752336776654905,0.12734212931750527
1100,0.11567751465924608,0.23369241390730036,0.12884197899356503,0.24099371384969767
1101,0.009636812977141298,0.14332193574967136,0.0026265809926398986,0.1407723474670401
1102,0.06424933638109924,0.19394292094236515,0.04647934901576668,0.18811809660902984
1103,0.05829603437695328,0.19890081607810467,0.0574214347519839,0.21385126154365475
1104,0.05722441765488286,0.17788573411428912,0.052524555011373195,0.20910896390096712
1105,0.03021958962866122,0.172598204666307,0.04038466530430698,0.14563233324117306
1106,0.021574189595068235,0.17340780655053373,0.012098915488864232,0.12996058840484745
1107,0.19776580093388055,0.30600095989803294,0.18838592522821326,0.3401832287834667
1108,0.04292611340919936,0.18223237560067126,0.041426210356797735,0.15898958104942812
1109,0.015933827930423985,0.12065176888048876,0.006037980785168925,0.10777469851975545
1110,0.01158487846802089,0.12305101313961805,0.009250356188660915,0.11373613532075628
1111,0.09665794837937378,0.21939608541693542,0.05401459323920051,0.1737285630900314
1112,0.04154905901464453,0.19383649345959317,0.03426972442316232,0.21362983186749795
1113,0.01225718248072787,0.11824580187466453,0.009403455864145498,0.11992653892762219
1114,0.013344662880918873,0.11120903891876156,0.011461672061803894,0.11331099270962522
1115,0.013111770962219048,0.1356136655311563,0.023126893110113483,0.1292985692808293
1116,0.006193207441248804,0.10881630556454713,0.003361637403247372,0.10380632901624275
1117,0.05337376889966447,0.18719594113594798,0.05454254415981161,0.18162443873241915
1118,0.1509309431706232,0.2766266656955183,0.14223980819640766,0.27839617706496944
1119,0.03863324085226939,0.17789324118559352,0.03451661648963455,0.18427964641620337
1120,0.10572446740803246,0.24236268714159595,0.12200402259669495,0.2257983953838427
1121,0.06898220966683935,0.19886707092461686,0.04531626330772712,0.19280286009280648
1122,0.026685358283219048,0.19865222697150603,0.013035839229089673,0.2212418501850004
1123,0.014646610733844288,0.1231710737187563,0.0,0.11597830615747393
1124,0.12666669129294844,0.23994205298123028,0.11067824382954622,0.23064040237761793
1125,0.09111165574004908,0.21917396657500754,0.06722152176974888,0.19837288167562558
1126,0.027787233220296657,0.13079790285150145,0.003861766635455766,0.11082429935968008
1127,0.008904432502789333,0.1367666185839731,0.026822066175131533,0.1561352393038373
1128,0.14465855278960305,0.26729465584454537,0.17551687289367798,0.28219370840188246
1129,0.008035730172716932,0.1479286193225974,0.004903731408098947,0.14402909285472065
1130,0.031019277783839557,0.1729674703127679,0.018910405412337572,0.1438592148634184
1131,0.06631016808752012,0.1956047405239569,0.08055281311995756,0.1744764350411051
1132,0.09438090779663501,0.23906175959180287,0.05458101278741685,0.23205327557548713
1133,0.05447539285328859,0.16652157673100523,0.04695950658006756,0.14855901356749107
1134,0.08365481945502572,0.22458670748450404,0.14045281844398566,0.2645579408070239
1135,0.07393049753056503,0.1953458909787901,0.0611440684998588,0.20735701074557125
1136,0.007601494267404187,0.1295314098687184,0.004069490383432014,0.16032619283298108
1137,0.0468835746317482,0.16111915912062552,0.048246234251427836,0.1505839465104905
1138,0.10174673217990396,0.20487508043297953,0.09139422159951845,0.19946698043609126
1139,0.050133313094475766,0.17689898668726498,0.05486555172164266,0.2009803738604601
1140,0.08854223777272634,0.18449053996742937,0.08739181422372917,0.19260898001664342
1141,0.10681494145126413,0.2086747005903738,0.09768880089824263,0.2133093836532548
1142,0.04062548805125586,0.19593588451912664,0.016668549832449406,0.1842821968864845
1143,0.0058699561864553615,0.11773416671414387,0.023062523173475347,0.13908744353649552
1144,0.007151458677027765,0.11148406533339845,0.000183452577508714,0.0878865604239462
1145,0.00935354420100202,0.11046015167472226,0.0074052576601866356,0.11612070533536302
1146,0.018638780021908864,0.165138724825855,0.0090979834278844,0.16754663098332487
1147,0.08568656988980874,0.1737150623136676,0.04840157871127332,0.15897958085990962
1148,0.07554165881393934,0.18723786344575208,0.08912630633146283,0.17988784637006358
1149,0.025133392359852614,0.1390318918838572,0.009508746257920654,0.13544054628828225
1150,0.01922603772027518,0.15597787577721117,0.022593552846470254,0.16466972962475362
1151,0.06921517099760514,0.18188303853110604,0.05044429844207117,0.1718784727415995
1152,0.05527504459658779,0.17211456514454695,0.048816458142319906,0.17430295761648315
1153,0.05992241220598562,0.17872337485610718,0.1055400362038916,0.21531263551090046
1154,0.05830970333097271,0.1924432178909987,0.07553917261962281,0.21356527785134038
1155,0.07701261388289195,0.217329734786312,0.04956837001539095,0.17779615022293982
1156,0.0409453030002576,0.16180008337446686,0.09122206075775144,0.18816726070535594
1157,0.07018374052261551,0.19839540599376035,0.049338887740395625,0.18870631041818284
1158,0.007992924388522801,0.1394146181385638,0.060497047413905894,0.19467029784870796
1159,0.06513756845516354,0.1570479085330321,0.05441047063293777,0.15884991452328218
1160,0.05431524665041411,0.14880539043337618,0.05741302997561591,0.17080032314607088
1161,0.09117563384813027,0.2211536491331831,0.07324386768845226,0.20873001541260533
1162,0.07389984840927637,0.2028600748836092,0.04578898427552673,0.16587155525273842
1163,0.0068897708231019155,0.10764486979850177,0.0026224466576177234,0.0861102152934168
1164,0.07739445323811057,0.20421352127955922,0.060173723724255626,0.19624556151709246
1165,0.06786444938063212,0.23214534205978152,0.11302377698271973,0.288545386724173
1166,0.05707921305367711,0.16811148938906584,0.051246229510620765,0.17083581063923764
1167,0.0042899254467670825,0.11046338184860702,0.00048283009091337325,0.12556794202765909
1168,0.058279483548835075,0.1615771789309005,0.04807760890444343,0.15749554072827265
1169,0.08678804586115711,0.22845334146216031,0.051017614828423444,0.2066947970377159
1170,0.04333058731599634,0.1643723534102277,0.008100274820020412,0.16937729645941105
1171,0.0540446205566981,0.16501617869546908,0.05734257863832485,0.1625825925493282
1172,0.03694397369777124,0.14994593599745398,0.02616444037614519,0.15705733247212975
1173,0.022480031075677993,0.14141747599023421,0.013360599998469936,0.12451924950067542
1174,0.03466919425758935,0.1733641096235484,0.002151534369841065,0.14569763789848283
1175,0.04359722690867874,0.17486333722513697,0.055207951015884695,0.15932951040456317
1176,0.06810019798113812,0.20411357877283526,0.05507962407217232,0.1853606885180169
1177,0.02005121764573797,0.1594041606459048,0.01299380762462724,0.17013400727793324
1178,0.07308364777723549,0.19850806519689865,0.05972688950475142,0.20550473718008097
1179,0.014555443970978863,0.11248425223407159,0.00600918315771158,0.10996845572497634
1180,0.034406993890711855,0.19772814992619211,0.013046966483440163,0.15450720182037464
1181,0.07604135415070913,0.20810805716546912,0.07522913395685396,0.23112225817461618
1182,0.006120738076587803,0.11118613494023939,0.003452389715376509,0.08131510837933333
1183,0.027877444051087275,0.14464827330455035,0.04859784405400477,0.14032066384480094
1184,0.10106598390839541,0.22353931094585555,0.05521933804665245,0.20635392705450575
1185,0.05420925643997236,0.18253470099721528,0.013696113242718076,0.14932016871526832
1186,0.012446626892053825,0.1762572997973185,0.003525716478650177,0.1555311814637191
1187,0.11680898501055427,0.22674379448448137,0.16098430888537474,0.24835232744545596
1188,0.0409265291969518,0.13531308070531048,0.041300648925360714,0.13208882090953533
1189,0.01617920562698653,0.15032829946832676,0.022226341133302498,0.13823836801636688
1190,0.03851803367679212,0.18730190166857236,0.010034574556379156,0.15683062183911464
1191,0.009495855286909143,0.11122812036057857,0.01990536804016792,0.13219409658206277
1192,0.026025879686839237,0.1399708248299337,0.01899271567729614,0.14910069215856456
1193,0.04885862500158927,0.1849373445763538,0.04023893417989377,0.17362030411370977
1194,0.058190423634107556,0.1886610306023,0.027050310604795322,0.20166368164050089
1195,0.0042899254467670825,0.1015267894770256,0.0027941773403352523,0.11204082891526743
1196,0.01489136936539427,0.11747758429859569,0.008530987641214306,0.13833100346928748
1197,0.01212991040833806,0.10314847302149051,0.0075783384216962894,0.09818690154625521
1198,0.06659605373649072,0.16970131498921245,0.056376749586829984,0.17492337141065395
1199,0.0384686889804629,0.18672122346424375,0.022526773695000245,0.19606569665472354
1200,0.04218217567116243,0.18268189490958384,0.025781513453363193,0.16531108280561552
1201,0.01664896891571884,0.13399471342812566,0.009030380488371825,0.13110044060324605
1202,0.05501910453096772,0.16461187407820996,0.06651016943274554,0.19312513433344158
1203,0.07345947212308834,0.22227188286011643,0.07269607096886252,0.20133461469234126
1204,0.09192835411778105,0.2124384221595241,0.09293832650752683,0.22289839347038215
1205,0.011005373098141329,0.1274279572786834,0.0023565767252474055,0.15024902620546615
1206,0.0363844802300905,0.1698596075038916,0.02858926387664635,0.1399204694831872
1207,0.07435914100195354,0.22678654391970013,0.060175542670861074,0.22198061429073593
1208,0.055080890130851004,0.2189584156428678,0.041695597878048676,0.16645822311604466
1209,0.03308582378591849,0.17181487890812894,0.018553162630876547,0.14108721429446386
1210,0.03362465364282357,0.177893843296241,0.027096713565935394,0.17995424350494843
1211,0.10279704238121658,0.24263234338312464,0.0478226859333393,0.1918710327858567
1212,0.0039527022834569625,0.11015172467742332,0.01463421645368729,0.10554166500553175
1213,0.010258716808665958,0.1229024943686518,0.00929509187283461,0.11364360607940355
1214,0.024741796585333795,0.15165303796224383,0.002859048252717642,0.11673618855432315
1215,0.03488325186477554,0.15091785759702223,0.008873816630364045,0.13140082960613653
1216,0.05679822855362186,0.168216527872172,0.057476586232648064,0.1711492186718935
1217,0.05539590617438989,0.1934770638115563,0.052730284893163816,0.1985623855629323
1218,0.041201448821305914,0.1497144439688969,0.03714020319043694,0.14153259125480683
1219,0.05694692472416139,0.16259778127409946,0.04340535037060717,0.13734692697763565
1220,0.03289510355303184,0.19602788086160922,0.022190669534646854,0.18376419616411754
1221,0.04958438790484913,0.16539967535873173,0.04353804791029468,0.17029691215677845
1222,0.00809043128539442,0.14800541632225903,0.00479210330089822,0.1612247894484107
1223,0.07907361431617786,0.19829281897614237,0.01815150352297159,0.19411549339098444
1224,0.014664354032877303,0.13248945927772535,0.051043763088383036,0.1669420767124561
1225,0.018292380220212054,0.13632031926140833,0.009653991615401756,0.14579553081140142
1226,0.029225255445777493,0.15758224588963515,0.01762969876673514,0.13960613239034286
1227,0.05836925711875717,0.21387610855941244,0.05573763665722503,0.21013499748976178
1228,0.05834853950514045,0.18268304267755683,0.05446649200940636,0.19141374908288186
1229,0.022274756763137653,0.16861590311802976,0.05321376483338893,0.1987344834914987
1230,0.0686790571834294,0.21188174174640084,0.05804198231861385,0.22865864513026624
1231,0.13840134905501034,0.2712573968766431,0.10595428052140483,0.22215003121421975
1232,0.03360888950858629,0.16258288554406727,0.006947217680640641,0.1242955567311566
1233,0.009631537713953406,0.10151573258943236,0.00929509187283461,0.095504752444183
1234,0.09125459787195798,0.22798040894903468,0.09230105987800141,0.22603961282823987
1235,0.05930851889928322,0.16254870323863999,0.004810674069844512,0.13130234578643604
1236,0.10592104193020821,0.22946127926849885,0.1157632238738606,0.25107672748566384
1237,0.03763049856164709,0.16207071713366805,0.008453281255893515,0.14482184412826218
1238,0.026052468993101537,0.15804152523575324,0.014194278520488168,0.1598993974775199
1239,0.028238769845496812,0.1483364864633081,0.00936640977516957,0.12045261090872339
1240,0.030416233911234762,0.13655906889023434,0.008436701719532372,0.11495977945234523
1241,0.012664254524585467,0.12755493673633575,0.010300708940401181,0.1257502995488812
1242,0.13328785517384095,0.22494686639834247,0.11747812666094061,0.2158329452183495
1243,0.1097090274496407,0.22358793831767648,0.08971801886237611,0.2173208028796864
1244,0.02101674486376345,0.15754659494759127,0.07346165716038502,0.1914043052513306
1245,0.011178246867048791,0.11672547549713241,0.006783280887314724,0.12246753226278471
1246,0.02404727891284051,0.16334679879275005,0.005499894752413287,0.15396704689504717
1247,0.044120172950025446,0.18155084836388255,0.05374849839503072,0.17279598982680883
1248,0.010918113375387006,0.11216434890700647,0.003751023476837789,0.09841991408708668
1249,0.012343754182136828,0.1428870975701982,0.010172976947479264,0.1281180423551997
1250,0.019542125831266393,0.13490158614480754,0.0287070557017107,0.1318020717293842
1251,0.08932061528716624,0.20575648805486044,0.09340114849971703,0.21408996184896487
1252,0.11347009577223187,0.23274231333287204,0.07579508481049428,0.20922168172242922
1253,0.04306007116578354,0.1534347197123076,0.045454635348052615,0.15927614267041595
1254,0.04589922459895448,0.16362600514908834,0.029944951597284608,0.17041097265062927
1255,0.032627441995191166,0.155553004204763,0.02351993742095458,0.1675589840941031
1256,0.008266244225810262,0.15756377233777544,0.0033106379812213433,0.14957944038846915
1257,0.012725221197311199,0.13835447228133171,0.004225905949138725,0.13486581707923034
1258,0.04726742613159914,0.1668963346432116,0.04336882810376682,0.176758533465401
1259,0.03202255394141033,0.15716091563014759,0.013190602628851128,0.13900286500586798
1260,0.14748269498766642,0.25326672771785724,0.1697906085013222,0.2711261630063947
1261,0.008281598482402628,0.1357539736188076,0.0045155642044369445,0.12222219206373718
1262,0.06371787330664551,0.20186376295502023,0.05414463022985444,0.1924740443378935
1263,0.010844032750607593,0.1421371803341071,0.00845103124294994,0.14466177229689411
1264,0.11176161858556324,0.25636552613243196,0.14705251915757123,0.2784506969580163
1265,0.009658622626382693,0.13625270842985382,0.016483635794337825,0.1412467387434368
1266,0.007487508611256797,0.12220068929348261,0.0051162766259172845,0.120540401594804
1267,0.008202821335677415,0.11528741931143509,0.004468070902820136,0.10731217746247994
1268,0.07471875988835362,0.18493524907615783,0.05108764471049583,0.18092091658833792
1269,0.006834681906388927,0.15757162975529182,0.0031867864156356813,0.16183827714960197
1270,0.006320181241365221,0.11939909969366727,0.006138399229697229,0.11759870249827928
1271,0.022111472016225875,0.16523374466764534,0.01871732226657764,0.16306251884808837
1272,0.03482954927210469,0.17307805888271058,0.0034251898546078566,0.11883298711809305
1273,0.010621331586797844,0.1782077804391017,0.015882820694532174,0.17523853115774196
1274,0.15664165434500896,0.2651803671289338,0.13877987325743402,0.24389403575865723
1275,0.024934577457813478,0.17300058044762526,0.01441504681140045,0.14889353431371152
1276,0.07347919278360966,0.22402399336350706,0.12625182974686802,0.22938707118026674
1277,0.10591885802648676,0.2560541337945893,0.12573435980526118,0.26135428515682646
1278,0.03385841083811028,0.14086948475887745,0.0026224466576177234,0.1146949359911307
1279,0.005224722992130312,0.10781715953643456,0.005769380853157279,0.12687227889339173
1280,0.004322941538518583,0.11838880912833966,0.0027941773403352523,0.09776043719688347
1281,0.055239983403848655,0.1677206331672511,0.04096652676558346,0.16734753688375092
1282,0.09070641478034663,0.19860971350550968,0.07832609323349017,0.1813682299462859
1283,0.016076519128090633,0.1391403100705423,0.011379753994763625,0.14546750309404918
1284,0.08016752788828313,0.20648588963009493,0.06715646374905328,0.22646883350879318
1285,0.07309935923456824,0.1938875183912261,0.06203183827184769,0.20162037764723567
1286,0.048155364400563214,0.16681572910761824,0.02062196959118391,0.14525466180131
1287,0.057882447083869436,0.19488392149752765,0.05215057957357323,0.20018975644653192
1288,0.013020249397560506,0.16556685448017597,0.0009438558031908416,0.15936837466552384
1289,0.011196087126342558,0.13681588264582603,0.014904444751899592,0.13908061268804134
1290,0.04630413581668898,0.1666162577000054,0.0203557792718173,0.15187438900861316
1291,0.012735442259689034,0.1176609328811599,0.007352290819967801,0.11599479881517906
1292,0.04736206758454598,0.21650120779688362,0.029115160606261542,0.1731472647173647
1293,0.10871880605904866,0.2070767747224389,0.09635777797679396,0.2047781490312974
1294,0.009601314996123026,0.12069060470758712,0.0017427553659437717,0.10016378722192523
1295,0.007294678850557963,0.1443580850507254,0.012416768665478648,0.1595193248426419
1296,0.1621176637036853,0.29003663809298325,0.14059823043567984,0.2767241285278132
1297,0.09523535725826936,0.19880849282082633,0.09513606727088711,0.21202541407264075
1298,0.023277023352816853,0.1544312822836423,0.017473417490289474,0.14149623929710575
1299,0.07329995432524529,0.2233817953611689,0.031578202203087755,0.1991108438484588
1300,0.06984503738098488,0.214510312575531,0.04716701852114569,0.1959103993573926
1301,0.09569258426309041,0.21667640389464235,0.07199591079285872,0.23247894161208607
1302,0.03718384697631263,0.14246040310529057,0.0034516304081202843,0.10947085184896545
1303,0.013109690124040117,0.156603196057792,0.003822222303246972,0.14161950048927352
1304,0.05466558357321235,0.19437848321985102,0.046028470712779816,0.17085355641116903
1305,0.03492214023147846,0.17684803419860337,0.008668573154504982,0.1606654814484465
1306,0.004554145769085653,0.11740251867284592,0.0029409020665701934,0.0974967788533041
1307,0.023065071023908413,0.1636421591188348,0.010385901119323526,0.17810447666667595
1308,0.09229089004329043,0.199512470147606,0.05070846171413305,0.19261422489543742
1309,0.014734370227205043,0.13106290292802547,0.06418294382196209,0.17680154728796826
1310,0.0313721651010979,0.14993898781630347,0.004545348272522389,0.12909593235088784
1311,0.0527944184746266,0.16991692649116985,0.050179301437535774,0.14786559193537352
1312,0.01615612584249813,0.16117639733123512,0.002924507330943818,0.14162365598407867
1313,0.008047386961699429,0.15645153506809986,0.0062742146059797145,0.1403308302914137
1314,0.08484900578622027,0.22740715062507286,0.053581809212791195,0.17754174251834756
1315,0.09679616070923262,0.2244250980857215,0.14393194205265306,0.2873424156107237
1316,0.059291409504612425,0.21343364963874656,0.05582251373794327,0.23175234701081598
1317,0.0059949298755736504,0.14242794916663795,0.0042181309979290255,0.09764730685141682
1318,0.06787265564268301,0.14915425886637412,0.061253583654771016,0.15809141251162936
1319,0.23328017958767627,0.334207000717635,0.1982277988495926,0.3114662626232098
1320,0.15662222512503532,0.2501151822705913,0.13702110099160886,0.25473545289019744
1321,0.009002948907627869,0.12338377737570524,0.0016869250064914544,0.11609729501003845
1322,0.03321619378437507,0.17841746629083827,0.06210333882651902,0.20142408601650655
1323,0.04902131569215641,0.17071373280436028,0.04644832828486095,0.15612985964458012
1324,0.005754033089030974,0.10656094359072167,0.003361637403247372,0.1097756885211172
1325,0.016291957896183065,0.11195557773619343,0.014152188282261658,0.12641324437271848
1326,0.06770481956940458,0.2228897794706128,0.0688151355535681,0.23229346290234412
1327,0.004741855271651075,0.11069231457972499,0.0027274152159332808,0.11770146427198724
1328,0.028434809464518082,0.15009112862793292,0.05971391947724302,0.1539856623056123
1329,0.022183806931231564,0.14527093046944103,0.009352265136545069,0.15915148168208212
1330,0.0268359457022893,0.14159364250391118,0.011230776249683896,0.14396652779228253
1331,0.04141922787894079,0.13867105891587678,0.02983023889964695,0.13545352264520702
1332,0.06516261353630959,0.1568198811282987,0.0649246929977159,0.15551637473837202
1333,0.03828988814622017,0.17782848866996429,0.006420225271031025,0.15098698191549226
1334,0.03226320105164659,0.186739670643413,0.005636695835549766,0.17020301689225092
1335,0.09216159378175424,0.20913847529889276,0.06107941092874938,0.19424891443271378
1336,0.005651529770865986,0.1167060374413464,0.0013035810137259412,0.09361828443385305
1337,0.08716146935625836,0.20614669175995065,0.0789674976220829,0.18222371070688811
1338,0.008745960044032618,0.16909856616539326,0.0026265809926398986,0.12644658433701184
1339,0.017980428244475724,0.14171915181657277,0.010303610002421517,0.14590076537115104
1340,0.05340377546724138,0.18827740015286556,0.04524604160759477,0.2038083981531934
1341,0.0795049719895525,0.17336971943413929,0.09098783563418598,0.18323702102075642
1342,0.013965288293766432,0.13390156332412995,0.010665643041011839,0.11849342111561952
1343,0.054742403262029365,0.14713200498451776,0.04623633826148122,0.13512899449345755
1344,0.06952432662375277,0.21051537343582583,0.04785982229549292,0.19497606260440162
1345,0.08887471419125254,0.23447298852051318,0.06430450846753763,0.24501370149962556
1346,0.004233660689650548,0.11193618566991079,0.009497357068651943,0.10679452468631158
1347,0.008924167085657558,0.15793373347070747,0.005149268896449614,0.1341050661444248
1348,0.08039902747576345,0.1843474704759202,0.046835633209579584,0.18349274911497
1349,0.19722709636547595,0.319648254120782,0.24048136771764603,0.3499278569239705
1350,0.012633635324781182,0.10515557173757256,0.006769620704049353,0.1171344247187602
1351,0.05253137562658536,0.1683621918551787,0.046544647285432166,0.1549629650445035
1352,0.11236274686092683,0.24764905309354554,0.09875408720923637,0.24148999573209032
1353,0.006875870126639758,0.09263031653421125,0.0022876089664132172,0.098874222515209
1354,0.013033650692918348,0.10596841309706198,0.00955632480348844,0.10193714616685591
1355,0.011401107682445325,0.12860215736179206,0.004753908219672844,0.16367988120272903
1356,0.022077119386331744,0.14024550241258923,0.013945511609436556,0.13449109631231376
1357,0.022965225027700018,0.12350834782436662,0.019258610835720762,0.12837285248700617
1358,0.005928676760497083,0.13017553374003582,0.002779006520774115,0.1121122454614553
1359,0.06561168341825024,0.20246829015566295,0.04449683342453399,0.1730807735001795
1360,0.018175073782928874,0.1488859110203249,0.04467280352404138,0.18320989196964343
1361,0.10764378954747594,0.2216853624704829,0.05404691773657212,0.21143670454379646
1362,0.025053871599037093,0.18870406540343548,0.012507743448350142,0.16609681287946082
1363,0.07217905273456322,0.21126457090664982,0.04629672816832441,0.17879700111141977
1364,0.02384745421489167,0.15113185851477814,0.01353883836390325,0.14393266415733966
1365,0.005697690238660448,0.11753440688505495,0.007464816024325941,0.1090684213450993
1366,0.013152734873891115,0.11909489860343093,0.00571057366151406,0.10754573174115507
1367,0.006761517775531776,0.1298161940096046,0.06055761933911754,0.19545666018700827
1368,0.09696683800429358,0.22467272957605372,0.1422104244802638,0.27070989111188304
1369,0.07556776088890486,0.21015271419468443,0.07571154190986128,0.18889949736179773
1370,0.03497539690977626,0.1574121743043097,0.024620346896047283,0.15368669292300574
1371,0.1511496173169501,0.2520534392061556,0.13200601081016605,0.23865415337812454
1372,0.1110605002414835,0.2393171167754765,0.0805886861285304,0.21770754302228248
1373,0.01520919867957418,0.14468672747212494,0.006245114369841126,0.12567391514743048
1374,0.03527289532646105,0.15689243218503918,0.0008824216923796166,0.10844685990478622
1375,0.05352057428749268,0.1827596862808603,0.009578871247377545,0.17906337944218553
1376,0.07404789411989028,0.20223554824916165,0.05138984995647127,0.17920457841004928
1377,0.05170930098323533,0.2131685148757615,0.04822890192768213,0.19015809183066404
1378,0.10377617981659837,0.21925462260709758,0.10757173271489426,0.21607137385055591
1379,0.014028251213412127,0.14605886210335411,0.02415000604373668,0.17134731866031283
1380,0.030089725488426283,0.17988822292618084,0.009592171813681424,0.16294845585515563
1381,0.008488206278478596,0.12326154399656697,0.006755662546545009,0.13126542868316113
1382,0.03070618529711894,0.16111227572631528,0.004184005237085631,0.1241490289847353
1383,0.1458356926798308,0.2436158965807774,0.21048383844790772,0.2844431276023166
1384,0.0656625399741249,0.23010231540348686,0.04593334350546658,0.2041744549236687
1385,0.010685754134738783,0.12672855320220605,0.002576114590333308,0.11778613449974745
1386,0.029716739332713935,0.13013957049917219,0.05388779602062122,0.15036253073694544
1387,0.11425397474774865,0.2480405699531251,0.10870155510900019,0.2533186103867564
1388,0.052736297010743644,0.15483644627017737,0.05420237935527973,0.1634176940596406
1389,0.058141188524638746,0.19973874772488262,0.04295128490663543,0.14406373264667213
1390,0.022336200361937293,0.17577968932786392,0.06585203969186235,0.20768704525795426
1391,0.005989162936036385,0.09331121342365806,0.004038686601730487,0.09870716923742996
1392,0.0606285335018866,0.16353955572048298,0.0881014209609913,0.18531460906230193
1393,0.11723125554032843,0.2556270572073463,0.11507959022973155,0.2741753036056271
1394,0.0073307962558707114,0.13580476059929328,0.0052728760505234215,0.14222170428093336
1395,0.10899429699806719,0.22555160275781178,0.13182214228408792,0.2513477497108528
1396,0.033835225153493506,0.16506545524486496,0.0094835266673783,0.1572131099043818
1397,0.02912509732857496,0.15321321707791705,0.04355315111787256,0.1586935427024736
1398,0.13209264181924923,0.23072858171995778,0.12673932866734366,0.21422964031372912
1399,0.011293790007000268,0.10687187438103313,0.004274364339649608,0.0892073775491749
1400,0.05741141754680452,0.18888594924667207,0.044144323897232045,0.17705736169044548
1401,0.10275642308598121,0.21914575023833044,0.12637450968148478,0.23382331132011414
1402,0.05343612009527468,0.17077747274831337,0.04874699492057843,0.17943599466177812
1403,0.05676062240912309,0.17447615675755324,0.050104567528429,0.19187704219692553
1404,0.022173540783570162,0.14898492072028796,0.020523544860799332,0.15581127340666273
1405,0.05017286952610125,0.17175345198137804,0.00902289182471441,0.14109464855171208
1406,0.005358138225889183,0.12682715950989837,0.002076570124327934,0.10708295129029483
1407,0.053373014890782,0.19242314901881824,0.039103725689446533,0.18316753187140317
1408,0.042722958692663404,0.1704193792315372,0.01238930932189698,0.15924506635956884
1409,0.014070301741081809,0.13951839162845714,0.012160276282803797,0.13278818198594888
1410,0.10637363836759978,0.27011912044400854,0.182102797668629,0.3157441263261075
1411,0.055282148674400754,0.15730311745345862,0.046190668107210946,0.14923556747399902
1412,0.0038848484821438043,0.10729721819461792,0.002906809394240706,0.10163924098799362
1413,0.01468199418669223,0.12303955554965187,0.02132329456008313,0.13456472652424054
1414,0.15014313172774404,0.23635301462947658,0.14074530573146776,0.22061899571191076
1415,0.010195666550208763,0.10672069633114491,0.000978813425531243,0.08770254250920073
1416,0.006574251985786045,0.12357153979867115,0.0027772418135786603,0.1274541507301119
1417,0.12192825745729013,0.2596755472130657,0.10159710148313615,0.2401919916265023
1418,0.058542084812518096,0.17304871542716332,0.05315241975019762,0.18270499499394435
1419,0.09268511343227284,0.2569220917573977,0.08125814326579028,0.2350573609725019
1420,0.03885957694254392,0.13353410502454524,0.005086651505166698,0.10491757750992221
1421,0.014101863472040451,0.149300176788809,0.008205748672270982,0.16433430282087041
1422,0.050730012800519295,0.17115140437703522,0.032665267676998164,0.16842291135175014
1423,0.13057724216118655,0.25740601619708575,0.09128891801124644,0.2161778193398293
1424,0.04783416640812708,0.20362141526546362,0.05414404745300148,0.1756620663483323
1425,0.012336833406332426,0.1655906778910988,0.0037833549386596392,0.19112750215815724
1426,0.04680628609108269,0.19208999129171553,0.04349077684774456,0.1795284298237369
1427,0.07353695033374041,0.19259273521718523,0.09127277204511518,0.21487327605106693
1428,0.03321602870147619,0.1660923895902501,0.014042614943377106,0.1668583952343646
1429,0.01407114040590477,0.1242205175899325,0.015235185105762297,0.11366756080332589
1430,0.03484127210926338,0.18958248967034663,0.022599575410591006,0.20486918718884264
1431,0.008657276213240948,0.133318733272251,0.006105046266648981,0.13542694651440298
1432,0.14661283507496234,0.305342247831609,0.18401567140786096,0.32151180838392734
1433,0.02207429607112304,0.14144697049663116,0.011370245003209607,0.13831383771402894
1434,0.030036223359329355,0.1531205159460127,0.005716365588040983,0.11516769183255515
1435,0.07800734569849808,0.21830169557650536,0.04165529054161306,0.17356580150199444
1436,0.00413440185409758,0.11425948674714911,0.0,0.10072365982829778
1437,0.005819446815242238,0.0996392875367257,0.0012727022564667032,0.10675592539815773
1438,0.043540475560619206,0.1711886041075303,0.007985139335079232,0.13911541219009335
1439,0.045820866028186275,0.19866124508736552,0.017573422390479564,0.19054726694044996
1440,0.07090437854584307,0.19663137422047505,0.030032823074568202,0.1873712294715299
1441,0.016622212382041302,0.14516056126618365,0.019444855848272272,0.13700301652019545
1442,0.0345156942187703,0.17497563904069074,0.015212914038008889,0.1557893407738868
1443,0.03858003859043255,0.1513174215648841,0.034721412395742335,0.13473170982745195
1444,0.00636730211859163,0.1240673800922163,0.006629839762776818,0.11791913786294855
1445,0.10587510728328219,0.2394023590336434,0.09622384332822959,0.26064405205893865
1446,0.010610278659911007,0.15496426573809247,0.008264477786521477,0.150953829747509
1447,0.061360957562161964,0.15405359894042495,0.0213227719675647,0.11777143134354623
1448,0.02110997727781,0.1535106343285393,0.009975385123008516,0.1433674341959994
1449,0.06449047955018379,0.19677699442032645,0.045621680601584,0.21183051706755815
1450,0.02616495883266958,0.17492414968646103,0.009675146079237027,0.15020464072221737
1451,0.05409764933114902,0.20527008106664196,0.10055422289051934,0.22456198412989928
1452,0.04166994068141702,0.15407492242130577,0.08935103859687422,0.19274915448058919
1453,0.05610086974070881,0.1735129331515606,0.04614872316058849,0.15159957760349202
1454,0.014598978984610388,0.1302373568175495,0.0037079222086024554,0.1059723276556269
1455,0.03486959757060381,0.1435948245090066,0.005564596341840432,0.1135245836956088
1456,0.06115128740042723,0.1603092354455272,0.05172454456780277,0.16267267329044452
1457,0.01661677557482598,0.14372251424388774,0.0023784167974360117,0.1317725329865533
1458,0.03513820337244043,0.18117147320439003,0.006066388169214005,0.13898703887067382
1459,0.013558286639657803,0.14245537952099607,0.012561409161536165,0.14231836481178073
1460,0.09026181731815822,0.22539135858963313,0.09376995891461347,0.22791322880065984
1461,0.024527407665787457,0.16312608922317484,0.019100415285608487,0.13807583556671094
1462,0.039311643941603115,0.12168220941415227,0.04315095335150296,0.12482930666678611
1463,0.005112860161672548,0.0967158650146824,0.009175689708266488,0.11138859471151207
1464,0.07889586521649769,0.22695558731504284,0.15066795665394284,0.2914801031364971
1465,0.007873743597330384,0.11415551926294928,0.008214615459479262,0.11832628217338596
1466,0.046486838996992,0.19244326225502523,0.023298925855377045,0.1678477858679843
1467,0.031125374704302853,0.17135705231338347,0.037905373657857865,0.2021258034223864
1468,0.07597183939121907,0.18829557724896323,0.06390335743616736,0.1932833667951169
1469,0.07480768000008214,0.19398384377659672,0.05812967737967899,0.1912199038967564
1470,0.03944281733455832,0.14018812138364,0.04005069115366382,0.13265836046563065
1471,0.011962465256969427,0.13797039144575138,0.007732671455545448,0.13741001604809208
1472,0.008886194236583775,0.11861778845016752,0.0018008813831490729,0.09805155678145928
1473,0.013815963172403896,0.1233964886586967,0.012281877961388299,0.1211726381966302
1474,0.012462714897601859,0.13965769753196977,0.010455066189294178,0.1401659894629015
1475,0.015435605244807787,0.11873808101742253,0.00557582140721428,0.11507005741229386
1476,0.03004222840056344,0.15853624489302787,0.011683034908164911,0.16181074514827828
1477,0.09849236955441769,0.21819059157458212,0.10140940831323766,0.22538372493626155
1478,0.12379739859963808,0.26401569382226775,0.15406492011133074,0.2876311298567784
1479,0.023550866362231505,0.16828661719205568,0.027934883950698354,0.18766105377699613
1480,0.04784158058301504,0.16334896053404221,0.05659353929502966,0.1647742848139115
1481,0.09939430512528374,0.22683681852761028,0.059072869195523306,0.2199661365617626
1482,0.07649352701674979,0.22898299433946703,0.08500842599270983,0.2049787705601817
1483,0.010545251106987058,0.13713522668744277,0.001248325417123371,0.16695156418637622
1484,0.010493945351120727,0.1347052849839638,0.003771405488169416,0.10145629612965894
1485,0.009078272510414081,0.13505026711894685,0.0017580459509808136,0.13780688066805605
1486,0.06089892977364375,0.18264772833755424,0.06664856872907032,0.21304117666478964
1487,0.055122791655787304,0.15974283344476545,0.04855806951347054,0.16339290551203825
1488,0.010197322575743814,0.15246047702484378,0.002097861330150536,0.14559342101299616
1489,0.051888246090224646,0.17773870616733184,0.04337712037929777,0.207247031347327
1490,0.020857520436229123,0.14120190736154103,0.014322124401708746,0.13182768508287604
1491,0.008093149714394555,0.12320710344693649,0.008161414781884401,0.1271569570949467
1492,0.09065520392246955,0.21962999156891685,0.09528411146107976,0.22536519696800317
1493,0.07465672202098345,0.18690687470670425,0.08082751342119843,0.18695565865104985
1494,0.005642309865559545,0.13511787825207885,0.00465404828170011,0.120413010912642
1495,0.015240793399832517,0.12496896810069931,0.01248164490164393,0.12853211832984912
1496,0.0489418841716972,0.19078257800359266,0.023680613105779687,0.17819465338315263
1497,0.0388110183963897,0.17973877724802984,0.002010989937940146,0.15268817538452698
1498,0.050212055272867595,0.15393104348956904,0.040759393180911256,0.14700916343869425
1499,0.006786681223282875,0.14659286071370284,0.005466456415052396,0.1285149764587635
1500,0.02482863364991707,0.17652471583322796,0.01212404384668133,0.17626992433897362
1501,0.013268410153482046,0.10377748091556856,0.008883839142899735,0.11418341647036635
1502,0.09859464957230725,0.21473944898176597,0.10167003900159241,0.23153754992211406
1503,0.004920694205291662,0.14021688776227806,0.004631258497113273,0.1375974606663676
1504,0.0544858779435507,0.15760827121703824,0.04819509937610864,0.13595674864378077
1505,0.007549847215664093,0.12419496008896068,0.009281964087023408,0.10264923659999248
1506,0.04478681868502659,0.13347979607635935,0.007843026337947973,0.12639442902147976
1507,0.0334670685271851,0.15264674962607722,0.0031497741493255044,0.1382938782406776
1508,0.013450857361123648,0.1408366545776043,0.00721258494631665,0.11475868169433963
1509,0.013366666119950561,0.11605591470996901,0.007296196986450428,0.08966170126424078
1510,0.03975255621116695,0.19501953063108948,0.017700780835653275,0.1752528586907205
1511,0.04325378041253114,0.20031337738812194,0.03422761742595363,0.18450128649364153
1512,0.04776452229220588,0.21442871317303605,0.06523370069557471,0.22901878869138495
1513,0.0203367098934157,0.1586702459690736,0.010043946136333328,0.15768133489978872
1514,0.05182617893458196,0.17475750986681451,0.04746262664840502,0.1717707642330015
1515,0.0567032221538025,0.1451794288175721,0.04912611535906573,0.14528050472741783
1516,0.013706579135832767,0.1331485099688108,0.00796907483324132,0.11350630988968169
1517,0.13315808723297282,0.2674986321331499,0.06731915257218318,0.22121097081585206
1518,0.05344063249292425,0.18778983548448433,0.05710225297627798,0.21629306456503924
1519,0.02196683795741263,0.14845677040567792,0.0674102653493244,0.20895208939681356
1520,0.0269211108959414,0.13809403953865285,0.04251243340782605,0.127563555922128
1521,0.010790724518423236,0.1431172874433933,0.03950221140906953,0.1510446954634386
1522,0.06819206061158765,0.18525745517712675,0.05701969725712264,0.1664016027124671
1523,0.06380475279703031,0.18747979603280995,0.04813295872985311,0.17565950540665792
1524,0.016310642587561243,0.14309724287852882,0.040917228842362006,0.14842659800922708
1525,0.08294147799655902,0.19079448556219283,0.06818736445974423,0.2043594352754596
1526,0.014605964763421011,0.15464873883112784,0.00818958456093915,0.16411633078839405
1527,0.01613683832997457,0.1198482952720003,0.011053694856267138,0.1240124517461159
1528,0.01776739989584077,0.13081913790620078,0.0019006284990939722,0.12280777589303517
1529,0.09805976089678727,0.23372957750682294,0.09181082381858481,0.2022108282443242
1530,0.12937169002977855,0.271164258646209,0.11592523768631664,0.2870664012366555
1531,0.016506589239560828,0.12785173200097674,0.015340316971223655,0.12121889460699138
1532,0.024351623834691607,0.14639379387100857,0.002301438553344445,0.1363570554616427
1533,0.031165327079259394,0.1740950365955035,0.009756417309728491,0.15824961285850722
1534,0.09691799810197349,0.2459970330334745,0.10314143514816417,0.25172634166910596
1535,0.012808336313024369,0.18120323830650667,0.00887274296089805,0.15218344819657675
1536,0.009921134890780269,0.1431634539535811,0.01814871525877499,0.17708367867357444
1537,0.0638576896312632,0.17195587740429633,0.06065406882968064,0.19203148950162666
1538,0.07547540659569671,0.19018049637361753,0.04331750142163203,0.15766526939292305
1539,0.004726822332564211,0.10991824218747485,0.0029596123095714244,0.1293174960770278
1540,0.04089377611453588,0.18241864638822192,0.007766939038425047,0.1503904305044281
1541,0.006707888686015043,0.09153037721086665,0.0010658742698883305,0.08851101860196472
1542,0.019630955331312996,0.12870255257527854,0.013280329344334029,0.1390519129580187
1543,0.05391550678400119,0.18064278253305355,0.05459718528561194,0.18037756272873667
1544,0.029791996262894683,0.1629724429574663,0.0073035465014967054,0.16352531169330828
1545,0.06647897994799806,0.20012297331386666,0.057113622398757516,0.19619781428184188
1546,0.014352592593713692,0.15254063769908083,0.05610474456176373,0.17897263547018016
1547,0.04464071761568493,0.1350965780393082,0.04704458802216323,0.15343663591336182
1548,0.0077912448964869915,0.13907245003607066,0.02272587114344499,0.15383007466178777
1549,0.0568600544728112,0.1811309008690157,0.06183695352789066,0.1822724643701892
1550,0.012064748832105397,0.15911990376533716,0.009048107059822265,0.13879924934609109
1551,0.14162458771783926,0.3073716460638192,0.11010074527384003,0.28327991872959624
1552,0.004173297094229348,0.12372803491994243,0.0011351331728839745,0.12715974315287668
1553,0.05855794769509369,0.14803531863588273,0.045593013417484646,0.14342575541566419
1554,0.004674008226416785,0.12370492780808007,0.0025370356823683667,0.1017377259165492
1555,0.032720335844571256,0.17894037874963942,0.004578756128026934,0.14331303441394785
1556,0.007452904179183641,0.11716917474147596,0.003094305523973043,0.1111580523780304
1557,0.004945185273576652,0.12401352269429446,0.008647984423195374,0.1330828644135846
1558,0.12510745051240255,0.2173558009123505,0.1237736157738531,0.2053269580392344
1559,0.013267404783614935,0.1310417869768067,0.00721258494631665,0.12108311765065895
1560,0.03996041567824362,0.13894362675716998,0.05081362340438918,0.17521379647847907
1561,0.04691925675004028,0.17406715783782045,0.054330899757914206,0.17093186883633787
1562,0.007089853444084052,0.11799383359537229,0.0038008117554652024,0.13449522534719272
1563,0.05442193318625979,0.1713804847252017,0.05696671291597023,0.15688469813940606
1564,0.020235890047426174,0.1496454312958853,0.00919091743439401,0.1507312330309183
1565,0.03194073052504648,0.14336698107884516,0.012276067015661146,0.13569046177976782
1566,0.03922271613392031,0.14778697677909833,0.023283263581924916,0.13072827247660748
1567,0.10363017693948055,0.2181664132414039,0.11828585904084525,0.22255560593947435
1568,0.0042899254467670825,0.11592597980758304,0.0010351966873706003,0.10144516706415573
1569,0.04653560457137756,0.17090722575697817,0.04584178721959905,0.15650088204667065
1570,0.004636461943751353,0.11096974435858024,0.0025069847397782676,0.10789763974180974
1571,0.09251977632505586,0.203227948887637,0.07735160722730611,0.19364489733600973
1572,0.04473486398426714,0.17562035572410634,0.006665311627139282,0.13649697342020534
1573,0.035542212166775035,0.17410615911299557,0.0021602873638604486,0.152215770553688
1574,0.08201301489003976,0.19461674241570237,0.05454193609942226,0.19088400121209062
1575,0.06461296525350846,0.17591802927123926,0.05644507782486755,0.16644928805912074
1576,0.008873860807770657,0.13092731944767505,0.006373653292262988,0.14679206744696077
1577,0.005007806599430844,0.12620559017045516,0.006066908368698649,0.12426513128553528
1578,0.06565713890123165,0.17665821627764436,0.06398878571106212,0.15852482419223574
1579,0.07354137883357513,0.2131831851558492,0.12913469285484433,0.24188250703363925
1580,0.021693822535272432,0.15016107031280082,0.015774270546467788,0.13742551244253629
1581,0.034025198871774756,0.18140428326250493,0.002584420888354664,0.12758266993511827
1582,0.015534862221896232,0.1638754745324869,0.04060907679552466,0.17741399990660794
1583,0.04850321036742611,0.164868027935902,0.04704773240263872,0.1325203985256686
1584,0.11435786594102627,0.21175986930484814,0.09765331450723844,0.2293505543726288
1585,0.0584287975105108,0.17774453087183856,0.05213384022071907,0.18082521495310688
1586,0.032268103041828144,0.15808568839488327,0.005335351151018922,0.15698970289315436
1587,0.04696403970475075,0.1554301047775939,0.04887297250344376,0.17393702704191877
1588,0.12454873701488942,0.24218182188652326,0.12289353751795878,0.23204083385692814
1589,0.061993858927081945,0.19369821541151788,0.10858941346102097,0.21518639523463326
1590,0.007189542470976293,0.12402405010791591,0.0025212682145570875,0.11040403367573585
1591,0.02866422832983606,0.1530587091417893,0.04426254167003983,0.15423290643189053
1592,0.01527737131577039,0.13433774732568074,0.011838737415393426,0.11247607389467577
1593,0.08170677026784133,0.22498897392838135,0.049460186978057534,0.2145715159193701
1594,0.00771671255942604,0.1401956068352977,0.0036349718274120645,0.14361272479662915
1595,0.008500506021899657,0.11288936916101937,0.004962713373165931,0.11652302796502026
1596,0.02256884657383795,0.1733509394256812,0.004771195177283157,0.16624722236858966
1597,0.10695340074118699,0.2559421988032401,0.0700074769945249,0.2406794249606312
1598,0.0215722615830616,0.12841323976337754,0.012036508732637606,0.10928449936879003
1599,0.021782037138172942,0.16513692066551372,0.0019859167870195566,0.14102469437850243
1600,0.012761429907782203,0.11646753981613563,0.04310386979110076,0.13065591581602298
1601,0.013812849433646166,0.11327725565011644,0.01166832716153115,0.11738707927145314
1602,0.0722064748317441,0.19705908023903315,0.06309762526055987,0.1762446320246335
1603,0.007722350152399565,0.1382706756108442,0.004109480248852378,0.10839046322223364
1604,0.030139313722762153,0.1526374611371558,0.01760169558622849,0.1517573837502619
1605,0.0960359382626855,0.24980399926041547,0.0551354509057815,0.24097598404944237
1606,0.024090040311603396,0.15128072715684487,0.0243891379023786,0.15173657220374664
1607,0.03188371031578028,0.18436045603054182,0.10811770958315133,0.2623299703950998
1608,0.010321279270075878,0.14652312269835696,0.012578949246045168,0.14579993640083805
1609,0.044583072514111026,0.14344547767061558,0.04224995132936383,0.13622728573546208
1610,0.012611979549596006,0.12615455299692713,0.008955714559167558,0.10902951901478898
1611,0.044720340406823295,0.16783994118894424,0.04383555011130926,0.15760302945347837
1612,0.01357276888610973,0.1445209193086884,0.0071470068756234895,0.13300612351819624
1613,0.16205578716824093,0.2846692951216051,0.15683089162629596,0.3097739003411124
1614,0.13620321375191213,0.29584456208394516,0.06172276296652973,0.23702905125077167
1615,0.04166712942047153,0.20154773942990767,0.009371267452542248,0.1749326458819452
1616,0.14079183772352155,0.24325885220050528,0.09913180780540243,0.20785024978363617
1617,0.03292031833595858,0.13911903788804972,0.002796705203840543,0.11874983823034632
1618,0.02429903206061004,0.13413489246328583,0.05066981785675817,0.1504299902479946
1619,0.008091684381597452,0.12622091665531315,0.004409026062546345,0.12374530875304537
1620,0.08480722355514757,0.20018465466536411,0.13121407869296176,0.24210014763367296
1621,0.08485034888076956,0.21390297792750987,0.046332175738097205,0.17327008930137916
1622,0.04403902752249295,0.16608457556729345,0.040697181633913886,0.1375672936136305
1623,0.014209162261304028,0.1395808835344505,0.017093286434060908,0.1512580255309491
1624,0.16641072644116373,0.28434595552412845,0.14452970757798256,0.2665959891679449
1625,0.005152388392941493,0.11499763767124231,0.006535956001599769,0.12656871795469693
1626,0.046680766330504546,0.1692829914365436,0.05014623659265723,0.17923850188038895
1627,0.03768546448028718,0.16386284117434355,0.005412582122252666,0.17322789213729362
1628,0.10894818588323182,0.24314903477176456,0.06910048967616128,0.20532349346893894
1629,0.00559171290293884,0.10276513185057524,0.005117030997736422,0.1055897124099136
1630,0.011451117536397661,0.15975479516357732,0.00891358818315527,0.12914331123626943
1631,0.00738442535499248,0.12226020408499681,0.00042625745950554135,0.1296347670120808
1632,0.056021861423947106,0.17403223759789355,0.05647595042975237,0.15716221911655523
1633,0.0501881896533886,0.13637259103594718,0.048433025218149565,0.15368968733338062
1634,0.07710669107908208,0.2561317298670228,0.09035907842345144,0.26879171807231533
1635,0.00749898936782271,0.12202671987490177,0.0658181064620867,0.20161186974332185
1636,0.06015566119138651,0.1847082412293866,0.057027407445368834,0.22655524020050194
1637,0.010318438378044312,0.13220613392389396,0.001897003828241599,0.1175553079353135
1638,0.010619520316138498,0.13394500740999277,0.0030034899143598867,0.13616486172126746
1639,0.005101747861944821,0.10972204637562612,0.001328381763164372,0.1040923122362196
1640,0.15104190758938102,0.25831762301643474,0.13624044467189603,0.2626268627187821
1641,0.021116858471045254,0.1395735421920033,0.016401908203550027,0.13656523336778692
1642,0.0061359055536167545,0.10491230247529681,0.005379921193044185,0.09840345778562194
1643,0.05506598950760584,0.21750821301558876,0.012074395330162411,0.1865052409868326
1644,0.04019295182264124,0.19646248574687525,0.011004895185327386,0.13733785572931323
1645,0.006901773971200163,0.1301754372180013,0.05472356071535624,0.1612785884264635
1646,0.006734271642111911,0.09836594418844362,0.006041862486256514,0.09876161190176866
1647,0.016281514460793855,0.1258377148780235,0.02084944626727858,0.13387578290384727
1648,0.11841759467915552,0.24901643302371856,0.05818407344777193,0.2128489052050119
1649,0.07012868014789389,0.19825040363990007,0.057979427171480934,0.1790441437335511
1650,0.1000143378665098,0.19873479880990538,0.06085391879049218,0.1844740045362554
1651,0.03341234658348461,0.18486661096377308,0.059707301243141005,0.22164313649491027
1652,0.048770254554379625,0.16386036021760814,0.09939224496519786,0.1982037357243874
1653,0.009837551990227417,0.1625011319708778,0.002604471477713246,0.15902272053481464
1654,0.03356292451284279,0.17572810581265974,0.015827673975590466,0.17817576503338112
1655,0.07263377285510789,0.19859375782778343,0.08908476092323389,0.19997907273377483
1656,0.04183337620895527,0.16462054481809368,0.04615576294882533,0.15926692537866025
1657,0.018105155209399895,0.15273231096403522,0.04193643391090266,0.1606828783818134
1658,0.11742765247929184,0.23874657261362697,0.08383133928821651,0.2214022787862489
1659,0.008589845781431162,0.1428428881926546,0.009815124914143115,0.13483095126068453
1660,0.02263777326740136,0.1434441133471469,0.009890872415312984,0.135988606147857
1661,0.1303374322035838,0.26150908454474264,0.10141026060342226,0.23264486208175744
1662,0.010142500099773733,0.15378330427950188,0.002849964235541124,0.13929020442162093
1663,0.0317192733743394,0.21631081748019915,0.04725725841776043,0.22087221275066843
1664,0.025899631799257604,0.18220607116433848,0.016440119896998992,0.17003632849857467
1665,0.12791753753913976,0.24020378148910268,0.13254166356751984,0.2503279157489717
1666,0.006573199072595297,0.12646901703684232,0.0030164454844209022,0.12764797057533553
1667,0.010887096020247702,0.13856058142486663,0.0038345633112630436,0.1098053754668819
1668,0.10120984881120215,0.23356910852809867,0.1446676060789305,0.2799030210528805
1669,0.014992612422187324,0.17620999634088294,0.004829762559051303,0.13039711906488335
1670,0.01992204297055073,0.14631642473298379,0.021787122979114115,0.13485933949464468
1671,0.060668118813455185,0.18541829409246602,0.05872749512940322,0.1893782736930511
1672,0.03462130241090278,0.15502313168384552,0.004034678420420311,0.12148433990548484
1673,0.010582773406627978,0.13587966016097827,0.008228334950070656,0.13729013645601537
1674,0.06239813458628209,0.18468928443315805,0.05327576621389916,0.17492700605732708
1675,0.13491110821821586,0.26277265089138824,0.10802168004104168,0.25713370884121545
1676,0.024867187130001793,0.14352840378804976,0.007797421168778654,0.13068316461587925
1677,0.01373264887833818,0.17121232503522346,0.009754204458703635,0.21499013841718057
1678,0.10712148040699222,0.22103703872525785,0.09669232809979536,0.21959176706558273
1679,0.0732610960105963,0.19649007004571845,0.05282188213748305,0.184920078305373
1680,0.015687318632142015,0.13631319427347172,0.011652827145989551,0.12987423496384579
1681,0.05463864089400568,0.1811294122412953,0.05136625363311729,0.19296871253783543
1682,0.04597930095922236,0.1878828246559141,0.015867328188417254,0.17347017595112516
1683,0.014824906973493712,0.12377048675928431,0.008709020191509629,0.15335261732493766
1684,0.02242029864715388,0.13401085692242196,0.019982512403903578,0.13443841595838263
1685,0.14025713028923217,0.2741164638231155,0.11631177815357324,0.2753341256800685
1686,0.005139461359794247,0.11014436606952256,0.0038656499519877123,0.13006124055364854
1687,0.09259620138312386,0.20719822487887624,0.14090031459183602,0.23187647658921393
1688,0.023957230044026244,0.16647084703707357,0.06807979035051406,0.19748418752187838
1689,0.003254728759396482,0.128843754521563,0.001257520225977174,0.11765215493809779
1690,0.08172734596531009,0.24518460915883855,0.12641119835046566,0.24842370914071749
1691,0.04357562591606526,0.16042298431655921,0.04864601522246255,0.15584472507333208
1692,0.17672944173263777,0.2973349231991225,0.17829029478294198,0.28948115123279666
1693,0.11904065609365679,0.2713182868824205,0.06876944887173728,0.22115923188920672
1694,0.00633615917252395,0.11823077567173977,0.006759217795543302,0.11042328892729
1695,0.05536453598153065,0.18857082196033,0.03749116911934252,0.18873723073265775
1696,0.18928190348600865,0.3185903833839287,0.23769628078048138,0.36209958573458384
1697,0.06757535640052971,0.16869792756390325,0.053589055723620674,0.18123762831261675
1698,0.03367255721363564,0.1945842931083502,0.0038402761809268973,0.1499044450389317
1699,0.013656277622644892,0.15084463504949966,0.0074257136760694205,0.1378664195990273
1700,0.05169959412061559,0.1816984283175889,0.048215933181488445,0.16574328801724775
1701,0.03854698429094105,0.18806339412666873,0.007459124226177615,0.1496701494179768
1702,0.11945665957034216,0.2588406957090883,0.087066799850811,0.22534210812319203
1703,0.026452616348198333,0.15396824749100677,0.02004557004864198,0.1487512921204491
1704,0.04401233441594747,0.15144693990543234,0.05355529935564153,0.16136791283390883
1705,0.008309878748685324,0.13841682102874828,0.05544746228353907,0.16242457808882108
1706,0.01305794063034761,0.1634152451137875,0.0516199527854812,0.18561032679170064
1707,0.03659367311144897,0.18621934358956485,0.01795787335224458,0.17853842307442158
1708,0.15672887915464626,0.2777877493030622,0.10062916427980485,0.24495367053656036
1709,0.008435284197890282,0.14331252594763114,0.012845680456788798,0.16251619816037302
1710,0.13988108553740558,0.27162978259804327,0.13147791929586328,0.2881899147379632
1711,0.1580499968916301,0.27444981554734216,0.23142048493918188,0.31924181738101903
1712,0.16155229575793578,0.26124665735586905,0.14586964367372404,0.25037666621735394
1713,0.05761290838840742,0.1757758850376135,0.05336703329697943,0.15499113771988615
1714,0.01876573987847323,0.17547339954143643,0.019363204451583238,0.182306530035841
1715,0.04616106865392243,0.13744441513494352,0.04152193553247308,0.1278131335691632
1716,0.038957374232963825,0.14418276637578897,0.016622007612854036,0.14046363478553514
1717,0.021172180248299734,0.17304035165085613,0.00998452238635466,0.15425380779027423
1718,0.0158262711588201,0.1699590027416745,0.009059607313479542,0.1727119261632471
1719,0.028539096534559653,0.16340771379338045,0.0018826920461136561,0.1365175476739949
1720,0.12215413141992686,0.2481595385736097,0.12311457354365349,0.2619337944682649
1721,0.01406094429977765,0.15698374837092527,0.0048587282273374124,0.1252225268873342
1722,0.010600742087918842,0.14405610142945316,0.006947217680640641,0.14456230531660688
1723,0.010541769935708704,0.12883589689500605,0.003217873726575617,0.12919671835127336
1724,0.03504902395213935,0.16704675367182753,0.03299285408322772,0.1658595310147953
1725,0.11703109057553727,0.19765883787416288,0.11300050898613351,0.22165757187479523
1726,0.01857385532843272,0.1464234015099789,0.009537843125364216,0.14413373418743095
1727,0.08631912451176833,0.20559371351703437,0.06678080499584128,0.20986761251547645
1728,0.004390619099713133,0.1477941958582039,0.006588703983444924,0.13214500883110927
1729,0.0051260458481048755,0.10951807479911603,0.0,0.1044986618801277
1730,0.05451641411864847,0.15374448006579586,0.04508929564100278,0.16423966752374114
1731,0.007452904179183641,0.13297586334833758,0.0010351966873706003,0.0968863686286136
1732,0.008409904440416062,0.12442182899602204,0.011335296505411045,0.11785394303590882
1733,0.024046189918169498,0.16969720057744242,0.0035630693871900594,0.17735203679317188
1734,0.13036630363118346,0.28047971298972757,0.1263786985587044,0.252629035931154
1735,0.0071459940162210975,0.16383099799440748,0.0017987056224542666,0.16130755487510143
1736,0.032984564607287985,0.13448222506702107,0.023283263581924916,0.1307944018066423
1737,0.0082466720765321,0.1269048234986391,0.0030098339335933137,0.121304687166286
1738,0.0202398207743279,0.16148144268837095,0.00877131699087589,0.15997131278378607
1739,0.04664265837909003,0.14312728204803965,0.054736990506062934,0.17840676789285706
1740,0.09346866072536651,0.21143890190665307,0.09798488216488492,0.22429928116545916
1741,0.021274068078477183,0.1613296100078271,0.009744611736402165,0.1610885617370354
1742,0.01150352713341804,0.14803862091337872,0.008146077057676277,0.13987798823101336
1743,0.041946824489174216,0.183797231285463,0.029680405825795144,0.1782667986127579
1744,0.05203254943489871,0.15226820945263775,0.04767444249565338,0.1403360257230319
1745,0.11437763826213342,0.28871672102942175,0.09197445703981576,0.2585638760168973
1746,0.010674186026789082,0.16115826039708125,0.020044179755924738,0.16853437262686502
1747,0.09573849420456478,0.21147783171585025,0.053320340765926684,0.1831585135588208
1748,0.07454635869991437,0.2366101854397436,0.0631329609107024,0.22796842181250976
1749,0.019770417182227197,0.14564330966327735,0.010604364668006497,0.14372729541766674
1750,0.00452367953746367,0.12267256097616676,0.0010351966873706003,0.1186261302881646
1751,0.02634627418097483,0.17291090308021798,0.00939505330464783,0.14913691319035893
1752,0.15586402450923395,0.30819712734797206,0.11549018096061438,0.2791811054566851
1753,0.037517370759801986,0.17063220437223936,0.030463454851658727,0.16960837246347307
1754,0.03379831792137978,0.185035050832707,0.028209896190475998,0.21031701330304226
1755,0.07357427588338228,0.21801394098162116,0.014531819012767146,0.16513164890366297
1756,0.009741409049261828,0.1478362304714768,0.005515815252467046,0.14982166275777892
1757,0.018389191815471228,0.12038476546941929,0.014946717611731304,0.10691732359082079
1758,0.05200498092869306,0.19351358386221723,0.04626474038310975,0.18486542996477875
1759,0.02283196614149164,0.16453371536582945,0.047557275648918824,0.19013681606438798
1760,0.01036516031336102,0.11966250822246716,0.00927383408882934,0.1245877798007477
1761,0.023634561395389896,0.15222315744762846,0.023378950611037307,0.1826035675199741
1762,0.01722127333883401,0.1461227408868477,0.021660919789555762,0.16219402820507814
1763,0.01609940603777608,0.12522932454048866,0.015448184547798916,0.11751207791982338
1764,0.0568003299739061,0.18011634602272222,0.05193520508404799,0.1660245680659965
1765,0.06152229389746116,0.20649335527315715,0.04555958851542208,0.18109556663913895
1766,0.1145792273110759,0.22761488736731825,0.08995572584909642,0.20638578218707232
1767,0.006158495175688324,0.16521292733234727,0.0014982004795921365,0.1252016128717002
1768,0.05360950293689489,0.1942886844330059,0.05632342638500352,0.2095448325789097
1769,0.1132780044706089,0.22278560312647558,0.16479352513917198,0.2720951416313159
1770,0.029855246855372664,0.16154656779481943,0.04690413928078183,0.18410849391976933
1771,0.01168888691921327,0.14068993662787152,0.0063523638704495134,0.10782268648421114
1772,0.15190369012234783,0.2491563323660929,0.1015646864673499,0.23160774813159754
1773,0.06556903693491152,0.1992943549293345,0.05668173002774665,0.20639606143053799
1774,0.11297643262508954,0.22212581239062945,0.16275662342196334,0.2382093653179828
1775,0.007188667229932186,0.1266485020232047,0.00699035630749354,0.11294189305384172
1776,0.03659611421898357,0.15096272503704927,0.04634852702973652,0.14344073121763626
1777,0.050286503182610465,0.153938628994979,0.04648677580945314,0.16822480523816968
1778,0.04626062007411142,0.17256264061263196,0.05206246094973338,0.15204561666973757
1779,0.07173698757221803,0.20618376502699345,0.05195917959837551,0.20830191762300357
1780,0.03184759676330272,0.1948197806215434,0.008090988582181068,0.165599570194638
1781,0.009216077637380641,0.12050443296601179,0.0012922964755871832,0.10419031701759299
1782,0.045355946172691876,0.21028822195220329,0.0026458409450736816,0.17984618271524205
1783,0.017720011278832923,0.15300143451826226,0.00875505750328196,0.13405085120317944
1784,0.08742015301781608,0.2074431032749535,0.08848323116988129,0.21600070375634822
1785,0.060012426969534884,0.23270606198893115,0.07322189743175178,0.23008346677349745
1786,0.052565148398533434,0.16454347096829225,0.044457360741061915,0.14238910944064528
1787,0.025856026089621877,0.1631338439249979,0.010956263348667042,0.17319563626046783
1788,0.07759529586203202,0.21136723395058912,0.09691743759852679,0.21757681153887992
1789,0.006184992830277388,0.11877638838813899,0.005513259140782369,0.12564836459330075
1790,0.05051679537741993,0.15493668350351708,0.044795813235629374,0.14761834147319242
1791,0.08516436297629916,0.22975369399037043,0.05769159685369448,0.1890833464003648
1792,0.03173894454059475,0.18116338722711717,0.018801269392632738,0.16028679960826664
1793,0.043978144344617,0.1864399601023391,0.0687926213365142,0.20269067624716341
1794,0.0652377826415099,0.1695368169967651,0.053704717435024404,0.18098419039943445
1795,0.0115477344442969,0.13028802668822523,0.015116409225574133,0.12771665857840603
1796,0.07460923531144781,0.19391182692821182,0.06436781143039097,0.1871325047127656
1797,0.026963105739408137,0.1603803516386472,0.022881853893082553,0.1826952133641175
1798,0.037016066123945236,0.14909590159928884,0.030252431356283662,0.14638515333240204
1799,0.054344912500285794,0.2110214925695554,0.006441640587143621,0.16814975430113505
1800,0.015472170704711742,0.13395511413667005,0.04061723560043904,0.1487255660402491
1801,0.014351657439193368,0.1639998390108693,0.009310096602405279,0.1391124041017709
1802,0.035694645811709634,0.17540381108565323,0.02136122312824905,0.17015256710570995
1803,0.15125145341104718,0.292264529028807,0.13342859035022014,0.26084504173354833
1804,0.022793639599050772,0.13957474011237223,0.006319134174547573,0.13166780351763027
1805,0.08205420405286949,0.20546479036036544,0.12371450739177298,0.2261482424295369
1806,0.0707470429090773,0.23140056354445232,0.05483105171925515,0.2205447569197935
1807,0.003254728759396482,0.1341409940001809,0.0018725751241291896,0.12461955513981497
1808,0.10264483652002439,0.22543967439917792,0.051456388864177,0.18469888036075108
1809,0.08498492969232148,0.26672385386082487,0.0767920408190186,0.2718884623585533
1810,0.03594963409232594,0.1717489803835799,0.055396438562147134,0.1705940864714702
1811,0.0449996801863672,0.17176592415237216,0.04302617638150668,0.17894153125054063
1812,0.06677978065673294,0.1709407591347052,0.0642984340593178,0.18467874870072948
1813,0.0495395464357921,0.18344322167209645,0.04220792392917737,0.17245051328043565
1814,0.0673117238027964,0.20936068949490805,0.07129053544936008,0.24006348371664307
1815,0.011038417145763917,0.15510321282842682,0.0037706149252241757,0.14003384954672324
1816,0.034949637315543215,0.1617424899123484,0.0036576433449883234,0.11953625825740506
1817,0.09074247754568399,0.1733170606269239,0.09354999168195356,0.2032361963278851
1818,0.009002948907627869,0.14551335950054614,0.001162266003039957,0.11658842666085584
1819,0.03343060477009678,0.16281495580969133,0.011192810127823869,0.1552021188104814
1820,0.014997115116737045,0.14347306088272155,0.0010413734369573338,0.13412294111366113
1821,0.02513683759439855,0.14623099086358873,0.013207595451328914,0.16210621333926215
1822,0.06477564277849862,0.18745974805096005,0.05196223815321302,0.17666678056870988
1823,0.05393622702113776,0.16767288445522874,0.05215036831746529,0.14939659363567065
1824,0.07027932296678416,0.17503085664772708,0.06708732159928706,0.19367171212765108
1825,0.009214453571804976,0.1723742444582894,0.003453309975049105,0.13400825536580802
1826,0.035645828523159694,0.18500829596206017,0.02800209140060249,0.16868670455124365
1827,0.05425655697784308,0.18204090465847908,0.048240914877745886,0.1717105506948258
1828,0.09839963497414485,0.23452848502903076,0.08260095327987207,0.23484309096276534
1829,0.13761576426666158,0.28339705654154873,0.14235174131737133,0.2701170895300682
1830,0.005674856923043531,0.12338932618110585,0.002422945602000751,0.1421048059825454
1831,0.015601670435808526,0.1151666655356016,0.007935650603474346,0.12185303040363485
1832,0.008681437363596946,0.14039728032374613,0.0009438558031908416,0.12493845436914251
1833,0.005546294715641711,0.11397672023253047,0.002761539398368043,0.119849193514447
1834,0.20146963971333812,0.3182785316189047,0.21635144473823456,0.3451560796744225
1835,0.11171177435770722,0.20797073546730827,0.16100197603741676,0.2383860480783598
1836,0.013518283182197308,0.1394639826567891,0.004794142617364982,0.09696630417369166
1837,0.171860182666095,0.3021114688368361,0.11612161837738925,0.27365454927719673
1838,0.011832013250201162,0.1509219466266721,0.013108606943797507,0.16713420510215748
1839,0.08511221875236827,0.21851525355894896,0.13206449173890764,0.24614593851202077
1840,0.00898305109751109,0.13187550278174703,0.017389942402057896,0.12952086450416148
1841,0.005833004460626351,0.10314371392037476,0.0010351966873706003,0.09536228867456438
1842,0.015874955843556273,0.12149893601242269,0.010664044564876561,0.12475519941506354
1843,0.02273286319657405,0.16336163565668915,0.01412040952092827,0.16370264168649623
1844,0.06417520885892314,0.2094697337748703,0.041872315001454365,0.18700287820393194
1845,0.0039057348703132825,0.13653000779546232,0.003921795796133022,0.13087829347115443
1846,0.00802540317448551,0.1500308525635811,0.013467944855388844,0.16172318517995732
1847,0.033455599345087655,0.1508961512396743,0.024102748552361983,0.15093108808462002
1848,0.041532241470791674,0.15275949553255716,0.03828717308945715,0.15283113788968689
1849,0.031067256436055717,0.15042163865386343,0.013039593831306134,0.14558180491474274
1850,0.02063602761478329,0.13838745786740814,0.03551819079784095,0.16966732372956111
1851,0.08797060211219182,0.21249528577902285,0.05983528115286906,0.18823161081487377
1852,0.13837547899019606,0.22413136320904117,0.13347206860976338,0.2240478293370442
1853,0.07388078521942341,0.20884360875383454,0.1289512402773356,0.21737577763703636
1854,0.1083653282624279,0.21689100314840762,0.16097324214261038,0.23468309736873008
1855,0.051411512337574246,0.193696692910715,0.08068278629230728,0.19105155415682123
1856,0.034832832369658444,0.15059026432305184,0.004342975918617733,0.1361347260750901
1857,0.08222914847432317,0.1866324299147237,0.07918985132196185,0.19689827349525538
1858,0.044433347310016524,0.1716651991687129,0.05303243253073124,0.19127945994981074
1859,0.05415401145699715,0.18018175525360333,0.05565501031163492,0.16439468731036438
1860,0.0689754698999781,0.1862651820129032,0.05382927824896781,0.17414066741629497
1861,0.01836894743174251,0.18181431909783746,0.0400134350207679,0.20701013169076132
1862,0.12775338339519923,0.24006029157535308,0.09329404713134375,0.23716131248922562
1863,0.016320389282586757,0.13781895638959302,0.008861812421206754,0.14004823852615092
1864,0.004695631901622876,0.12464588041684464,0.00608879692541069,0.12706072815163727
1865,0.09352598895740408,0.23695087192930633,0.14811862472822693,0.26716532244766417
1866,0.04815188455449246,0.17395039106205026,0.05497739023816428,0.1729999977460528
1867,0.029032664684855644,0.1684416652862763,0.022222333737070627,0.17127236945915142
1868,0.049171042546920014,0.13648453625009038,0.04439844416055638,0.13425294120429201
1869,0.027495419888147698,0.1700043746149455,0.04032072668538115,0.16481690662650444
1870,0.10573944293551353,0.24512445161483515,0.09963841092077301,0.2158573413928846
1871,0.07274024849241298,0.19008099417874808,0.12200402259669495,0.2016939080065939
1872,0.05982047387219719,0.19378298881073938,0.023367565726707375,0.1901641662724028
1873,0.09447959797149706,0.22499262098219036,0.05392018597145002,0.17118152583237084
1874,0.13514090258577122,0.2543201999500159,0.09100686411188591,0.2180863628010814
1875,0.056731137808249135,0.18826627754655206,0.0458765569278205,0.15151471751556914
1876,0.0047428239974917205,0.1360908694369351,0.005521909182401102,0.14130888679965306
1877,0.02277587748725474,0.18475319738448365,0.06415371844298635,0.236851563310272
1878,0.0039057348703132825,0.1154850506824391,0.000183452577508714,0.10524496334647672
1879,0.09925229602006569,0.20806807212580256,0.0924975054674452,0.19238176975821528
1880,0.09537036608792242,0.25192859448386606,0.13012667536535238,0.2660823108047936
1881,0.08558735583208087,0.21693870969710025,0.048452649160410304,0.2147497522418469
1882,0.012214958949230767,0.11096485832838712,0.010827964429969281,0.11181122879180173
1883,0.013066424092563247,0.15683533411087638,0.0055118325623710876,0.1694077204834018
1884,0.009054427670569852,0.12282392504804855,0.00972787786334997,0.13201318797221548
1885,0.05540594605006499,0.16360884578877818,0.0715032004883187,0.19256541358005
1886,0.09286285117918618,0.2129337297934,0.0626279027453174,0.19020879213047448
1887,0.07519922987769369,0.1953727325917427,0.12218747517420366,0.20204521629928637
1888,0.013267824665704114,0.16713591880791956,0.00704505769333281,0.14337609412826616
1889,0.06389831085829625,0.18540324865063906,0.05180333371779733,0.1709325132905612
1890,0.06541143341470161,0.1987459382387217,0.05578341255721864,0.19235356207729756
1891,0.04214885894479273,0.17077637815981442,0.055762325879968364,0.1801559453969932
1892,0.03470922312322374,0.18917704440235522,0.02269341178895107,0.18026908442566303
1893,0.005776217547764748,0.16009528090542818,0.0025333971669627368,0.14215047368395142
1894,0.03340489677267952,0.14887273365659845,0.0021045382388342098,0.12472569362713505
1895,0.0411447566462783,0.13415708974229384,0.036804898071688116,0.12317221691504708
1896,0.10544278855244142,0.22542954283718888,0.059734396986917314,0.20566308645330167
1897,0.005520254175111509,0.10814480304914714,0.010061271535805055,0.12510170785506033
1898,0.14583719175504656,0.2734647933432878,0.1790600980107189,0.2992890360186982
1899,0.015293320078386196,0.15304241995325552,0.006969396901089399,0.1653526217954633
1900,0.08754869701672605,0.24676711083852557,0.057727984144146365,0.2246683911295856
1901,0.08205353334818927,0.23119947511212172,0.04574291588177702,0.21425613812949973
1902,0.022522882855586242,0.17310664907174333,0.0031617970995591405,0.14547551772505737
1903,0.014540476693555286,0.14390491391407154,0.008283380535126426,0.1455110074553129
1904,0.0881118790437734,0.1927429066027847,0.09306876184590064,0.18497908174298583
1905,0.029350727646766054,0.1630986760244629,0.06109721400761923,0.19854178688198906
1906,0.00908882012563116,0.13925984042950745,0.004532622489028888,0.1399764095806328
1907,0.08657315345826731,0.18617067248941613,0.08562990839714954,0.19377613097222143
1908,0.1250623015848319,0.21096908042410026,0.09695813568797282,0.191537194557497
1909,0.06015164656251985,0.19582578217069735,0.016231310361728556,0.16555481284107576
1910,0.0957147674954752,0.2453749873494836,0.14301926815540134,0.2796591535035368
1911,0.010710362430219656,0.14081704993705596,0.003620026032096739,0.14979386030792055
1912,0.05411940088807457,0.1511733564470186,0.051157452284181025,0.1431373777638365
1913,0.013466832167141772,0.13710764153235883,0.005781279477121759,0.16144006765977537
1914,0.05510199610902781,0.16720265495447015,0.10280938340601462,0.22263340233684506
1915,0.1912010513093334,0.3119659153091716,0.22089929354286272,0.3455283691929956
1916,0.015064209350405477,0.11377481663965422,0.013311758989554712,0.10310176064827259
1917,0.035406001505701314,0.1683891762520623,0.04367580150850467,0.15159676656548798
1918,0.06914145926287281,0.20466698753049586,0.04139198521298064,0.17905427576538174
1919,0.12356161828824855,0.27429638427908626,0.1396811260029615,0.28821894321572206
1920,0.044067355625775365,0.15036848050507137,0.04177523031399457,0.14674529426372687
1921,0.07724185678065536,0.23092551083203403,0.05443076061036186,0.17953794365392192
1922,0.09296997797839521,0.21120661704943117,0.1432093219624198,0.24407910476259786
1923,0.05087101492195588,0.15782230479211729,0.05451423476171146,0.173309772675949
1924,0.08697585690338853,0.2174332135605818,0.053322371873408374,0.18744723110191555
1925,0.07900474984492001,0.17806758119151261,0.06882304751464836,0.17890630372221256
1926,0.015461545999036784,0.1594790240012892,0.009879053264158832,0.16624431155980385
1927,0.0048274314190556635,0.13288718010663644,0.01671465429435048,0.14094912792096323
1928,0.006347750288058371,0.09916822400728854,0.004841014949093861,0.09383981833385019
1929,0.006167592410154352,0.13473882241724042,0.0048056191963111745,0.11203491439287411
1930,0.012024480342762003,0.15639064376126152,0.005314036271751755,0.1229310644255902
1931,0.011998454005547748,0.13768038016682965,0.007138001436338161,0.12315764878627708
1932,0.06819992647881563,0.1822571902343441,0.05168438004465785,0.18013219380477377
1933,0.14949056350086198,0.2703360745934933,0.13293675579736844,0.2594515753303434
1934,0.024951637122892677,0.1546497344253575,0.023030086028545872,0.13856031570779742
1935,0.2855220551524743,0.40058330590918734,0.2299416098620968,0.36586940343478536
1936,0.03828562375661609,0.2083975457270135,0.0237323030663519,0.16245407583676882
1937,0.020477100488283644,0.17417736937561348,0.015220309619707642,0.16572867090554136
1938,0.009339723009987621,0.14285280528913624,0.010485471279816793,0.1331489937002274
1939,0.0969723484668289,0.22690263644551154,0.05961205453019384,0.18846551373740617
1940,0.053338886874826706,0.17311742189633744,0.04947047093295274,0.15513960416995073
1941,0.04137264831503408,0.1526487764448908,0.003914668310861641,0.1369677849982446
1942,0.15799940526155087,0.2716917861216254,0.20741800808338176,0.288786284132503
1943,0.007700440570861895,0.13555696985600404,0.003819994348875943,0.12944162554564614
1944,0.055316813266269936,0.18036358366137198,0.051465302293877725,0.15949177488838437
1945,0.04656450509256746,0.1729219874555915,0.04921611131105087,0.19430189837265294
1946,0.06484261529311258,0.18358706656312973,0.0482466183976548,0.17627572973603745
1947,0.14783514688216484,0.2675803863834591,0.10457242232154565,0.24099658533521015
1948,0.0349077187966657,0.15675358649310955,0.02434592822470485,0.13192731744467154
1949,0.013870054585678013,0.10005491152882927,0.007089088299805984,0.10107078471955522
1950,0.013087644047393208,0.13265500523485496,0.005565747918769585,0.10490393892138831
1951,0.04650872934173743,0.17433382094517988,0.05086536521528692,0.21823664531559817
1952,0.0917992435960614,0.18665222112664806,0.08818855561084667,0.18885552590639507
1953,0.04118287912867745,0.19584947690706875,0.01306734498309762,0.18080680740559665
1954,0.09767930709350338,0.23119696637513645,0.09578429770715911,0.22937309849407417
1955,0.04440884563673779,0.18699691743870267,0.021323019669853262,0.2012943557343789
1956,0.010099275096874815,0.1655815940202789,0.0038078583208943214,0.13302169844672448
1957,0.00449248103714995,0.12086538921292092,0.005551585334645158,0.14066532213376168
1958,0.020725494520598974,0.14363389482077651,0.02551582100575669,0.16583371097267943
1959,0.058834520201462015,0.1552742007133543,0.05511423901282335,0.16760833930048205
1960,0.14366784814362488,0.2703242107999778,0.14718071889197512,0.28108841483359864
1961,0.0057642964863555135,0.09959053598312897,0.006373653292262988,0.11613026067669485
1962,0.02642519393172014,0.14138575496434277,0.014857573745278962,0.11980991709011937
1963,0.07170291352751998,0.20018857103013035,0.0976658561102796,0.21521271064825911
1964,0.05047281592390294,0.1664055099116946,0.04909891306730014,0.16078429794450805
1965,0.011564171514275887,0.15938103283566357,0.012459570339885852,0.13937260668895898
1966,0.06879183967543012,0.2010563154818277,0.0637937808847107,0.18252294544033104
1967,0.015051722815830136,0.13877557813781324,0.017292788313884255,0.15130527833557902
1968,0.0658040537473023,0.19522093081954187,0.05175811486274558,0.18285410739643032
1969,0.09109372799531508,0.19417613546532178,0.09688926459602447,0.23795729187925413
1970,0.06479094548278523,0.17014918194855547,0.05146205601998177,0.1667648216189123
1971,0.00559171290293884,0.10609840608676041,0.002498744398823913,0.10978997913709013
1972,0.03069950838843527,0.1602770764455712,0.005367846341157124,0.15214400073553358
1973,0.16478786080221156,0.2811339213799622,0.13221402473350227,0.2803918630216641
1974,0.06212174252343516,0.1855113692021682,0.09663155261338571,0.2018389613854593
1975,0.10934215122694857,0.2322263840366208,0.07888234407954409,0.2092141273611678
1976,0.148538989762716,0.2508195442592191,0.13108280352824037,0.2379233427186479
1977,0.04069105202660439,0.2070757542898271,0.016822223720647567,0.21140675062060413
1978,0.019717552686636896,0.1307510412976708,0.011880246651106463,0.1359649710902981
1979,0.06359817379548545,0.181554389590288,0.09174002641798834,0.20451188268515896
1980,0.008822757921991668,0.12585148103152594,0.005086736117250413,0.12554839940092236
1981,0.01277281630618677,0.16740867228099585,0.004995826770227344,0.18166403132052342
1982,0.08166064211585793,0.18606445342855613,0.07004880105794044,0.20328953161419128
1983,0.00667668655381699,0.11691542277468689,0.0026319195244473717,0.11089722008766126
1984,0.006589359140755417,0.10811050758893291,0.004556104648370503,0.12282175136786122
1985,0.0254242221282963,0.19917405793997325,0.010058519903149477,0.17051750994433815
1986,0.04719980308069372,0.22836622178805138,0.007383866099312207,0.17813204494322057
1987,0.0676831616612801,0.16592665050913752,0.04785916571405653,0.146314007648514
1988,0.023936500226640654,0.1612899108252963,0.014799134388059312,0.13908361156139915
1989,0.045098262105366105,0.13987558730856461,0.04226595309076009,0.1352672040900226
1990,0.06533024416135656,0.19040557561382557,0.03896188984023384,0.17290274150270513
1991,0.05303411273628531,0.18395680561288152,0.02445909093410909,0.16448780840851426
1992,0.02345639612049536,0.12918832970599947,0.00979875926854754,0.12197688069925874
1993,0.04929777371715518,0.18690757653942017,0.04420851400726763,0.18059714981939198
1994,0.04948019478832351,0.18693989897640662,0.06376529817146395,0.20330395267365226
1995,0.055251570898662644,0.1727610943887692,0.06122671913959385,0.17951845427735247
1996,0.016325350183265912,0.13535268337951087,0.009017363821816494,0.11794849336864036
1997,0.1506071449465605,0.3048500559705733,0.1992174938459458,0.3342040956870339
1998,0.011746688557724904,0.12204275331018209,0.01092464618432548,0.11887685896209318
1999,0.007431292727545421,0.12756372078846676,0.003505426501226091,0.13823209014570728
2000,0.15537857079913994,0.24767932419440195,0.1103981948719387,0.23005895123489367
